Date,Open,High,Low,Close,Adj Close,Volume
2016/5/23,23.967501,24.297501,23.9175,24.1075,22.520861,152074400
2016/5/24,24.305,24.522499,24.209999,24.475,22.864182,140560800
2016/5/25,24.6675,24.934999,24.5275,24.905001,23.265877,152675200
2016/5/26,24.92,25.182501,24.66,25.102501,23.450378,225324800
2016/5/27,24.860001,25.1175,24.8125,25.0875,23.436363,145364800
2016/5/31,24.9,25.1,24.705,24.965,23.321924,169228800
2016/6/1,24.754999,24.885,24.5825,24.615,22.994963,116693200
2016/6/2,24.4,24.459999,24.157499,24.43,22.822144,160766400
2016/6/3,24.4475,24.567499,24.362499,24.48,22.868847,114019600
2016/6/6,24.497499,25.4725,24.387501,24.657499,23.034662,93170000
2016/6/7,24.8125,24.967501,24.74,24.7575,23.128084,89638000
2016/6/8,24.754999,24.889999,24.67,24.735001,23.107069,83392400
2016/6/9,24.625,24.997499,24.615,24.9125,23.272882,106405600
2016/6/10,24.6325,24.8375,24.620001,24.7075,23.081377,126851600
2016/6/13,24.672501,24.780001,24.275,24.334999,22.733387,152082000
2016/6/14,24.33,24.620001,24.1875,24.365,22.761415,127727600
2016/6/15,24.455,24.602501,24.2575,24.285,22.68668,117780800
2016/6/16,24.112499,24.4375,24.0175,24.387501,22.782436,125307200
2016/6/17,24.155001,24.1625,23.825001,23.8325,22.263964,244032800
2016/6/20,24,24.1425,23.7575,23.775,22.210251,137647600
2016/6/21,23.735001,24.0875,23.67,23.977501,22.399418,142185600
2016/6/22,24.0625,24.2225,23.8375,23.887501,22.315344,116876400
2016/6/23,23.985001,24.0725,23.8125,24.025,22.443794,128960800
2016/6/24,23.227501,23.665001,23.1625,23.35,21.813219,301245600
2016/6/27,23.25,23.262501,22.875,23.01,21.495594,181958400
2016/6/28,23.225,23.415001,23.035,23.397499,21.857594,161779600
2016/6/29,23.4925,23.637501,23.407499,23.6,22.046766,146124000
2016/6/30,23.610001,23.942499,23.575001,23.9,22.327021,143345600
2016/7/1,23.872499,24.1175,23.8325,23.9725,22.394749,104106000
2016/7/5,23.8475,23.85,23.615,23.747499,22.184555,110820800
2016/7/6,23.65,23.915001,23.592501,23.8825,22.310671,123796400
2016/7/7,23.924999,24.125,23.905001,23.985001,22.406425,100558400
2016/7/8,24.122499,24.2225,24.012501,24.17,22.579247,115648400
2016/7/11,24.1875,24.4125,24.182501,24.245001,22.649311,95179600
2016/7/12,24.2925,24.424999,24.280001,24.355,22.752075,96670000
2016/7/13,24.352501,24.4175,24.209999,24.217501,22.623623,103568800
2016/7/14,24.3475,24.747499,24.33,24.6975,23.072033,155676000
2016/7/15,24.73,24.825001,24.625,24.695,23.0697,120548000
2016/7/18,24.674999,25.032499,24.65,24.9575,23.31492,145975600
2016/7/19,24.889999,25,24.834999,24.967501,23.324263,95119600
2016/7/20,25,25.115,24.934999,24.99,23.345284,105104000
2016/7/21,24.9575,25.25,24.782499,24.8575,23.221504,130808000
2016/7/22,24.815001,24.825001,24.577499,24.665001,23.041672,113254800
2016/7/25,24.5625,24.709999,24.23,24.334999,22.733387,161531600
2016/7/26,24.205,24.4925,24.105,24.1675,22.576918,224959200
2016/7/27,26.067499,26.0875,25.6875,25.737499,24.043583,369379200
2016/7/28,25.7075,26.112499,25.705,26.084999,24.368214,159479200
2016/7/29,26.047501,26.137501,25.92,26.0525,24.337851,110934800
2016/8/1,26.102501,26.5375,26.102501,26.512501,24.767578,152671600
2016/8/2,26.512501,26.5175,26,26.120001,24.400913,135266400
2016/8/3,26.202499,26.459999,26.192499,26.4475,24.706854,120810400
2016/8/4,26.395,26.5,26.32,26.467501,24.859488,109634800
2016/8/5,26.567499,26.9125,26.545,26.870001,25.23753,162213600
2016/8/8,26.879999,27.092501,26.790001,27.092501,25.446508,112148800
2016/8/9,27.057501,27.235001,27.002501,27.202499,25.549829,105260800
2016/8/10,27.1775,27.225,26.940001,27,25.359632,96034000
2016/8/11,27.129999,27.2325,26.9625,26.9825,25.343191,109938000
2016/8/12,26.945,27.110001,26.945,27.045,25.401896,74641600
2016/8/15,27.035,27.385,27.02,27.370001,25.707157,103472800
2016/8/16,27.407499,27.557501,27.3025,27.344999,25.683668,135177600
2016/8/17,27.275,27.342501,27.084999,27.305,25.646103,101424000
2016/8/18,27.307501,27.4,27.254999,27.27,25.613228,87938800
2016/8/19,27.192499,27.422501,27.09,27.34,25.678976,101472400
2016/8/22,27.215,27.275,26.9625,27.127501,25.479387,103280800
2016/8/23,27.147499,27.33,27.1325,27.2125,25.559221,85030800
2016/8/24,27.1425,27.1875,26.92,27.0075,25.366678,94700400
2016/8/25,26.8475,26.969999,26.67,26.8925,25.258661,100344800
2016/8/26,26.852501,26.987499,26.577499,26.735001,25.110729,111065200
2016/8/29,26.655001,26.860001,26.5725,26.705,25.082554,99881200
2016/8/30,26.450001,26.625,26.375,26.5,24.890011,99455600
2016/8/31,26.415001,26.6425,26.41,26.525,24.913488,118649600
2016/9/1,26.535,26.700001,26.405001,26.682501,25.061424,106806000
2016/9/2,26.924999,27,26.705,26.932501,25.296234,107210000
2016/9/6,26.975,27.075001,26.877501,26.924999,25.28919,107521600
2016/9/7,26.9575,27.190001,26.7675,27.09,25.444162,169457200
2016/9/8,26.8125,26.817499,26.309999,26.379999,24.777298,212008000
2016/9/9,26.16,26.43,25.782499,25.782499,24.216099,186228000
2016/9/12,25.6625,26.43,25.6325,26.360001,24.758516,181171200
2016/9/13,26.877501,27.1975,26.809999,26.987499,25.347887,248704800
2016/9/14,27.182501,28.2575,27.15,27.942499,26.244867,443554800
2016/9/15,28.465,28.932501,28.372499,28.8925,27.137156,359934400
2016/9/16,28.780001,29.032499,28.51,28.73,26.984528,319547600
2016/9/19,28.797501,29.045,28.3125,28.395,26.669876,188092000
2016/9/20,28.262501,28.530001,28.127501,28.3925,26.66753,138057200
2016/9/21,28.4625,28.497499,28.110001,28.387501,26.662834,144012800
2016/9/22,28.5875,28.735001,28.5,28.655001,26.914087,124296000
2016/9/23,28.605,28.6975,27.887501,28.1775,26.465593,209924800
2016/9/26,27.91,28.3475,27.887501,28.219999,26.505508,119477600
2016/9/27,28.25,28.295,28.084999,28.272499,26.554825,98429600
2016/9/28,28.422501,28.66,28.3575,28.487499,26.756763,118564400
2016/9/29,28.290001,28.450001,27.950001,28.045,26.341145,143548000
2016/9/30,28.115,28.342501,27.950001,28.262501,26.545429,145516400
2016/10/3,28.1775,28.262501,28.07,28.129999,26.420979,86807200
2016/10/4,28.264999,28.577499,28.157499,28.25,26.533686,118947200
2016/10/5,28.35,28.415001,28.172501,28.262501,26.545429,85812400
2016/10/6,28.424999,28.584999,28.282499,28.4725,26.74267,115117200
2016/10/7,28.577499,28.639999,28.377501,28.514999,26.782583,97433600
2016/10/10,28.754999,29.1875,28.68,29.012501,27.249866,144944000
2016/10/11,29.424999,29.672501,29.049999,29.075001,27.308571,256164000
2016/10/12,29.3375,29.495001,29.1875,29.334999,27.552769,150347200
2016/10/13,29.1975,29.360001,28.93,29.245001,27.468241,140769600
2016/10/14,29.469999,29.5425,29.282499,29.407499,27.620863,142608800
2016/10/17,29.3325,29.459999,29.195,29.387501,27.602079,94499600
2016/10/18,29.545,29.5525,29.362499,29.3675,27.583296,98214000
2016/10/19,29.3125,29.440001,28.450001,29.280001,27.50111,80138400
2016/10/20,29.215,29.344999,29.0825,29.264999,27.487022,96503200
2016/10/21,29.202499,29.227501,29.07,29.15,27.379011,92770800
2016/10/24,29.275,29.434999,29.25,29.4125,27.625566,94154800
2016/10/25,29.487499,29.59,29.327499,29.5625,27.766449,192516000
2016/10/26,28.577499,28.924999,28.327499,28.897499,27.14185,264536800
2016/10/27,28.8475,28.965,28.525,28.620001,26.88121,138248000
2016/10/28,28.467501,28.8025,28.362499,28.43,26.702751,151446800
2016/10/31,28.4125,28.557501,28.299999,28.385,26.660484,105677600
2016/11/1,28.365,28.442499,27.6325,27.872499,26.179125,175303200
2016/11/2,27.85,28.0875,27.807501,27.897499,26.202606,113326800
2016/11/3,27.745001,27.865,27.387501,27.4575,25.921747,107730400
2016/11/4,27.1325,27.5625,27.0275,27.209999,25.688087,123348000
2016/11/7,27.52,27.627501,27.365,27.602501,26.058634,130240000
2016/11/8,27.577499,27.93,27.424999,27.764999,26.212044,97016800
2016/11/9,27.469999,27.83,27.012501,27.719999,26.169559,236705600
2016/11/10,27.772499,27.772499,26.4575,26.9475,25.440268,228538000
2016/11/11,26.780001,27.217501,26.637501,27.1075,25.59132,136575600
2016/11/14,26.9275,26.952499,26.02,26.4275,24.949354,204702000
2016/11/15,26.6425,26.92,26.540001,26.7775,25.279776,129058000
2016/11/16,26.674999,27.557501,26.65,27.497499,25.959503,235362000
2016/11/17,27.452499,27.5875,27.2075,27.487499,25.950066,110528000
2016/11/18,27.43,27.635,27.415001,27.514999,25.976027,113715600
2016/11/21,27.530001,27.997499,27.502501,27.932501,26.37018,117058400
2016/11/22,27.987499,28.105,27.85,27.950001,26.386698,103862000
2016/11/23,27.84,27.877501,27.5825,27.807501,26.252167,109705600
2016/11/25,27.782499,27.967501,27.737499,27.9475,26.384338,45903600
2016/11/28,27.8575,28.1175,27.8475,27.8925,26.332415,108776000
2016/11/29,27.695,28.0075,27.5175,27.865,26.306452,114115200
2016/11/30,27.9,28.049999,27.567499,27.629999,26.084597,144649200
2016/12/1,27.592501,27.735001,27.2575,27.372499,25.841503,148347600
2016/12/2,27.2925,27.522499,27.2125,27.475,25.938267,106112000
2016/12/5,27.5,27.5075,27.0625,27.2775,25.75181,137298000
2016/12/6,27.375,27.59,27.297501,27.487499,25.950066,104782000
2016/12/7,27.315001,27.797501,27.290001,27.7575,26.204964,119994800
2016/12/8,27.715,28.1075,27.65,28.030001,26.462227,108273200
2016/12/9,28.077499,28.674999,28.077499,28.487499,26.894136,137610400
2016/12/12,28.3225,28.75,28.122499,28.325001,26.740721,105497600
2016/12/13,28.459999,28.98,28.4375,28.797501,27.186798,174935200
2016/12/14,28.76,29.049999,28.745001,28.797501,27.186798,136127200
2016/12/15,28.844999,29.182501,28.807501,28.955,27.335484,186098000
2016/12/16,29.1175,29.125,28.9125,28.9925,27.37089,177404400
2016/12/19,28.950001,29.344999,28.9375,29.16,27.529018,111117600
2016/12/20,29.184999,29.375,29.17,29.237499,27.602188,85700000
2016/12/21,29.200001,29.35,29.195,29.264999,27.628145,95132800
2016/12/22,29.0875,29.127501,28.91,29.0725,27.446415,104343600
2016/12/23,28.897499,29.129999,28.897499,29.129999,27.500698,56998000
2016/12/27,29.129999,29.450001,29.122499,29.315001,27.675356,73187600
2016/12/28,29.379999,29.504999,29.049999,29.190001,27.557346,83623600
2016/12/29,29.112499,29.2775,29.1,29.182501,27.550264,60158000
2016/12/30,29.1625,29.299999,28.8575,28.955,27.335484,122345200
2017/1/3,28.950001,29.0825,28.690001,29.0375,27.413372,115127600
2017/1/4,28.9625,29.127501,28.9375,29.004999,27.38269,84472400
2017/1/5,28.98,29.215,28.952499,29.1525,27.521944,88774400
2017/1/6,29.195,29.540001,29.1175,29.477501,27.828764,127007600
2017/1/9,29.487499,29.8575,29.485001,29.747499,28.08366,134247600
2017/1/10,29.692499,29.844999,29.575001,29.7775,28.111979,97848400
2017/1/11,29.684999,29.9825,29.65,29.9375,28.263029,110354400
2017/1/12,29.725,29.825001,29.5525,29.8125,28.145027,108344800
2017/1/13,29.7775,29.905001,29.702499,29.76,28.095461,104447600
2017/1/17,29.584999,30.059999,29.555,30,28.322041,137759200
2017/1/18,30,30.125,29.9275,29.997499,28.319677,94852000
2017/1/19,29.85,30.022499,29.842501,29.945,28.270119,102389200
2017/1/20,30.112499,30.112499,29.932501,30,28.322041,130391600
2017/1/23,30,30.202499,29.942499,30.02,28.340923,88200800
2017/1/24,29.887501,30.025,29.875,29.9925,28.314957,92844000
2017/1/25,30.105,30.525,30.07,30.469999,28.765747,129510400
2017/1/26,30.4175,30.610001,30.4,30.485001,28.779911,105350400
2017/1/27,30.535,30.5875,30.4,30.487499,28.782272,82251600
2017/1/30,30.2325,30.407499,30.165001,30.407499,28.706743,121510000
2017/1/31,30.2875,30.3475,30.155001,30.3375,28.640661,196804000
2017/2/1,31.7575,32.622501,31.752501,32.1875,30.387186,447940000
2017/2/2,31.995001,32.3475,31.945,32.1325,30.335266,134841600
2017/2/3,32.077499,32.297501,32.040001,32.27,30.465073,98029200
2017/2/6,32.282501,32.625,32.224998,32.572498,30.750654,107383600
2017/2/7,32.634998,33.022499,32.612499,32.8825,31.043314,152735200
2017/2/8,32.837502,33.055,32.805,33.009998,31.163679,92016400
2017/2/9,32.912498,33.112499,32.779999,33.105,31.388868,113399600
2017/2/10,33.115002,33.235001,33.012501,33.029999,31.317757,80262000
2017/2/13,33.27,33.455002,33.1875,33.322498,31.595093,92141600
2017/2/14,33.3675,33.772499,33.3125,33.755001,32.00518,132904800
2017/2/15,33.880001,34.067501,33.654999,33.877499,32.121319,142492400
2017/2/16,33.9175,33.974998,33.709999,33.837502,32.083401,90338400
2017/2/17,33.775002,33.9575,33.775002,33.93,32.171108,88792800
2017/2/21,34.057499,34.1875,33.994999,34.174999,32.4034,98028800
2017/2/22,34.107498,34.279999,34.0275,34.2775,32.500591,83347600
2017/2/23,34.345001,34.369999,34.075001,34.1325,32.363113,83152800
2017/2/24,33.977501,34.165001,33.82,34.165001,32.393925,87106400
2017/2/27,34.285,34.360001,34.07,34.232498,32.45792,81029600
2017/2/28,34.27,34.360001,34.174999,34.247501,32.472145,93931600
2017/3/1,34.4725,35.037498,34.400002,34.947498,33.13586,145658400
2017/3/2,35,35.07,34.689999,34.740002,32.939114,104844000
2017/3/3,34.695,34.9575,34.647499,34.945,33.133476,84432400
2017/3/6,34.842499,34.942501,34.650002,34.834999,33.029186,87000000
2017/3/7,34.764999,34.994999,34.697498,34.880001,33.071854,69785200
2017/3/8,34.737499,34.950001,34.705002,34.75,32.948601,74828800
2017/3/9,34.685001,34.697498,34.262501,34.669998,32.872742,88623600
2017/3/10,34.8125,34.84,34.66,34.785,32.981777,78451200
2017/3/13,34.712502,34.857498,34.705002,34.799999,32.996002,69686800
2017/3/14,34.825001,34.912498,34.709999,34.747501,32.94622,61236400
2017/3/15,34.852501,35.1875,34.7575,35.115002,33.294674,102767200
2017/3/16,35.18,35.255001,35.064999,35.172501,33.349194,76928000
2017/3/17,35.25,35.25,34.9725,34.997501,33.183266,175540000
2017/3/20,35.099998,35.375,35.057499,35.365002,33.531719,86168000
2017/3/21,35.5275,35.700001,34.932499,34.959999,33.147709,158119600
2017/3/22,34.962502,35.400002,34.939999,35.355,33.522228,103440800
2017/3/23,35.314999,35.395,35.1525,35.23,33.403709,81385200
2017/3/24,35.375,35.435001,35.087502,35.16,33.337337,89582400
2017/3/27,34.8475,35.305,34.654999,35.220001,33.394238,94300400
2017/3/28,35.227501,36.009998,35.154999,35.950001,34.086391,133499200
2017/3/29,35.919998,36.122501,35.797501,36.029999,34.162235,116760000
2017/3/30,36.047501,36.125,35.875,35.982498,34.117195,84829200
2017/3/31,35.93,36.067501,35.752499,35.915001,34.053204,78646800
2017/4/3,35.927502,36.029999,35.762501,35.924999,34.062683,79942800
2017/4/4,35.8125,36.2225,35.7925,36.192501,34.316322,79565600
2017/4/5,36.055,36.365002,35.952499,36.005001,34.138531,110871600
2017/4/6,36.072498,36.130001,35.862499,35.915001,34.053204,84596000
2017/4/7,35.932499,36.044998,35.817501,35.834999,33.977352,66688800
2017/4/10,35.900002,35.970001,35.724998,35.7925,33.937054,75733600
2017/4/11,35.735001,35.837502,35.014999,35.407501,33.57201,121517600
2017/4/12,35.400002,35.537498,35.252499,35.450001,33.612312,81400000
2017/4/13,35.477501,35.595001,35.262501,35.262501,33.434532,71291600
2017/4/17,35.369999,35.470001,35.217499,35.4575,33.619411,66328400
2017/4/18,35.352501,35.509998,35.2775,35.299999,33.470081,58790000
2017/4/19,35.470001,35.5,35.112499,35.169998,33.346825,69313600
2017/4/20,35.305,35.73,35.290001,35.610001,33.764015,93278400
2017/4/21,35.610001,35.669998,35.462502,35.567501,33.723717,69283600
2017/4/24,35.875,35.987499,35.794998,35.91,34.048462,68537200
2017/4/25,35.977501,36.224998,35.967499,36.1325,34.25943,75486000
2017/4/26,36.1175,36.150002,35.845001,35.919998,34.057938,80164800
2017/4/27,35.98,36.040001,35.827499,35.947498,34.084007,56985200
2017/4/28,36.022499,36.075001,35.817501,35.912498,34.050831,83441600
2017/5/1,36.275002,36.799999,36.240002,36.645,34.745358,134411600
2017/5/2,36.884998,37.022499,36.709999,36.877499,34.965809,181408800
2017/5/3,36.397499,36.872501,36.067501,36.764999,34.859138,182788000
2017/5/4,36.630001,36.785,36.452499,36.6325,34.733509,93487600
2017/5/5,36.689999,37.244999,36.689999,37.240002,35.309509,109310800
2017/5/8,37.2575,38.424999,37.2575,38.252499,36.269527,195009600
2017/5/9,38.467499,38.720001,38.362499,38.497501,36.501831,156521600
2017/5/10,38.407501,38.485001,38.0275,38.314999,36.328789,103222800
2017/5/11,38.112499,38.517502,38.077499,38.487499,36.642971,109020400
2017/5/12,38.674999,39.105,38.6675,39.025002,37.154709,130108000
2017/5/15,39.002499,39.162498,38.762501,38.924999,37.059498,104038800
2017/5/16,38.985001,39.014999,38.68,38.8675,37.004768,80194000
2017/5/17,38.400002,38.642502,37.427502,37.5625,35.762302,203070800
2017/5/18,37.817501,38.334999,37.782501,38.134998,36.307369,134272800
2017/5/19,38.345001,38.494999,38.157501,38.264999,36.431133,107843200
2017/5/22,38.5,38.645,38.227501,38.497501,36.652496,91865600
2017/5/23,38.724998,38.724998,38.327499,38.450001,36.607277,79675600
2017/5/24,38.459999,38.5425,38.1675,38.334999,36.497776,76712000
2017/5/25,38.432499,38.587502,38.2575,38.467499,36.623932,76942400
2017/5/26,38.5,38.560001,38.327499,38.4025,36.56205,87710400
2017/5/30,38.355,38.607498,38.3325,38.4175,36.576328,80507600
2017/5/31,38.4925,38.5425,38.095001,38.189999,36.359734,97804800
2017/6/1,38.2925,38.3325,38.055,38.294998,36.459702,65616400
2017/6/2,38.395,38.862499,38.2225,38.862499,36.999996,111082800
2017/6/5,38.584999,38.612499,38.365002,38.482498,36.63821,101326800
2017/6/6,38.474998,38.952499,38.445,38.612499,36.761978,106499600
2017/6/7,38.755001,38.994999,38.619999,38.842499,36.980961,84278400
2017/6/8,38.8125,38.884998,38.599998,38.747501,36.890507,85003200
2017/6/9,38.797501,38.797501,36.505001,37.244999,35.460018,259530800
2017/6/12,36.435001,36.522499,35.627499,36.355,34.612671,289229200
2017/6/13,36.790001,36.862499,36.287498,36.647499,34.891159,136661600
2017/6/14,36.875,36.875,35.959999,36.290001,34.550785,126124800
2017/6/15,35.830002,36.119999,35.552502,36.072498,34.343712,128661600
2017/6/16,35.945,36.125,35.549999,35.567501,33.862915,201444400
2017/6/19,35.915001,36.685001,35.915001,36.584999,34.831646,130165600
2017/6/20,36.717499,36.717499,36.235001,36.252499,34.515095,99600400
2017/6/21,36.380001,36.517502,36.1525,36.467499,34.71978,85063200
2017/6/22,36.442501,36.674999,36.279999,36.407501,34.662663,76425200
2017/6/23,36.282501,36.790001,36.2775,36.57,34.817364,141757600
2017/6/26,36.7925,37.07,36.345001,36.455002,34.707886,102769600
2017/6/27,36.252499,36.540001,35.904999,35.932499,34.210415,99047600
2017/6/28,36.122501,36.5275,35.790001,36.4575,34.710258,88329600
2017/6/29,36.177502,36.282501,35.57,35.919998,34.198517,125997600
2017/6/30,36.112499,36.240002,35.945,36.005001,34.279442,92096400
2017/7/3,36.220001,36.325001,35.775002,35.875,34.155678,57111200
2017/7/5,35.922501,36.197498,35.68,36.022499,34.296112,86278400
2017/7/6,35.755001,35.875,35.602501,35.682499,33.972404,96515200
2017/7/7,35.724998,36.1875,35.724998,36.044998,34.317524,76806800
2017/7/10,36.0275,36.487499,35.842499,36.264999,34.526985,84362400
2017/7/11,36.182499,36.462502,36.095001,36.3825,34.638855,79127200
2017/7/12,36.467499,36.544998,36.205002,36.435001,34.688847,99538000
2017/7/13,36.375,37.122501,36.360001,36.942501,35.17202,100797600
2017/7/14,36.9925,37.3325,36.8325,37.259998,35.4743,80528400
2017/7/17,37.205002,37.724998,37.142502,37.389999,35.598072,95174000
2017/7/18,37.299999,37.532501,37.1675,37.52,35.721855,71475200
2017/7/19,37.619999,37.855,37.487499,37.755001,35.945583,83692000
2017/7/20,37.875,37.935001,37.547501,37.584999,35.783726,68974800
2017/7/21,37.497501,37.610001,37.220001,37.567501,35.767059,105010400
2017/7/24,37.645,38.110001,37.474998,38.022499,36.200256,85972800
2017/7/25,37.950001,38.459999,37.950001,38.185001,36.354965,75415600
2017/7/26,38.337502,38.482498,38.264999,38.365002,36.52634,63124000
2017/7/27,38.4375,38.497501,36.825001,37.639999,35.83609,129905200
2017/7/28,37.4725,37.557499,37.297501,37.375,35.583794,68854800
2017/7/31,37.474998,37.5825,37.032501,37.182499,35.400517,79383600
2017/8/1,37.275002,37.555,37.102501,37.512501,35.714703,141474400
2017/8/2,39.82,39.9375,39.040001,39.285,37.402245,279747200
2017/8/3,39.262501,39.302502,38.755001,38.892502,37.028561,108389200
2017/8/4,39.017502,39.349998,38.922501,39.0975,37.223736,82239600
2017/8/7,39.264999,39.73,39.1675,39.702499,37.799747,87481200
2017/8/8,39.650002,40.4575,39.567501,40.02,38.102028,144823600
2017/8/9,39.814999,40.317501,39.7775,40.264999,38.335281,104526000
2017/8/10,39.974998,40,38.657501,38.830002,37.114235,163217200
2017/8/11,39.150002,39.642502,39.017502,39.369999,37.630375,105028400
2017/8/14,39.830002,40.052502,39.6875,39.962502,38.196697,88490800
2017/8/15,40.165001,40.549999,40.035,40.400002,38.614857,117862000
2017/8/16,40.485001,40.627499,40.037498,40.237499,38.459545,110686400
2017/8/17,40.130001,40.177502,39.459999,39.465,37.721176,111762400
2017/8/18,39.465,39.875,39.18,39.375,37.635151,109712400
2017/8/21,39.375,39.4725,38.7775,39.302502,37.565865,105474000
2017/8/22,39.557499,40,39.505001,39.945,38.17997,86418400
2017/8/23,39.767502,40.1175,39.720001,39.994999,38.227753,77596400
2017/8/24,40.107498,40.185001,39.637501,39.817501,38.058105,79275600
2017/8/25,39.912498,40.139999,39.817501,39.965,38.199085,101920400
2017/8/28,40.035,40.5,39.982498,40.3675,38.58379,103864000
2017/8/29,40.025002,40.779999,40,40.727501,38.927891,118067600
2017/8/30,40.950001,40.9725,40.6525,40.837502,39.033031,109078400
2017/8/31,40.91,41.130001,40.869999,41,39.188347,107140400
2017/9/1,41.200001,41.235001,40.907501,41.012501,39.200302,66364400
2017/9/5,40.9375,41.0625,40.139999,40.52,38.729561,117874000
2017/9/6,40.677502,40.747501,40.130001,40.477501,38.688931,86606800
2017/9/7,40.522499,40.560001,40.09,40.314999,38.533619,87714000
2017/9/8,40.215,40.287498,39.6325,39.657501,37.905174,114446000
2017/9/11,40.125,40.512501,39.9725,40.375,38.590965,126323200
2017/9/12,40.6525,40.990002,39.692501,40.215,38.438038,286856000
2017/9/13,39.967499,39.990002,39.477501,39.912498,38.148899,179629600
2017/9/14,39.747501,39.849998,39.522499,39.57,37.821537,95042800
2017/9/15,39.6175,40.2425,39.5,39.970001,38.203869,196458400
2017/9/18,40.0275,40.125,39.5,39.6675,37.91473,113077600
2017/9/19,39.877499,39.942501,39.610001,39.682499,37.929066,83242400
2017/9/20,39.474998,39.564999,38.4575,39.017502,37.293449,211805600
2017/9/21,38.950001,38.950001,38.1875,38.3475,36.653049,150046800
2017/9/22,37.884998,38.067501,37.639999,37.9725,36.294628,186581600
2017/9/25,37.497501,37.9575,37.290001,37.637501,35.974426,177549200
2017/9/26,37.945,38.48,37.922501,38.285,36.593315,146640000
2017/9/27,38.450001,38.68,38.384998,38.557499,36.853779,102016800
2017/9/28,38.4725,38.57,38.174999,38.32,36.626774,88022000
2017/9/29,38.302502,38.532501,38,38.529999,36.827488,105199200
2017/10/2,38.564999,38.612499,38.18,38.452499,36.753414,74795200
2017/10/3,38.502499,38.772499,38.477501,38.619999,36.913517,64921200
2017/10/4,38.407501,38.465,38.115002,38.369999,36.674561,80655200
2017/10/5,38.544998,38.860001,38.512501,38.8475,37.130966,85135200
2017/10/6,38.7425,38.872501,38.639999,38.825001,37.109447,69630400
2017/10/9,38.952499,39.182499,38.872501,38.959999,37.238483,65051600
2017/10/10,39.014999,39.5,38.775002,38.974998,37.252819,62468000
2017/10/11,38.9925,39.244999,38.9375,39.137501,37.408146,67622400
2017/10/12,39.087502,39.342499,38.932499,39,37.276726,64500400
2017/10/13,39.182499,39.32,39.102501,39.247501,37.513294,65576800
2017/10/16,39.474998,40,39.412498,39.970001,38.203869,96486000
2017/10/17,39.945,40.217499,39.807499,40.1175,38.344841,75989200
2017/10/18,40.105,40.177502,39.900002,39.939999,38.175186,65496800
2017/10/19,39.1875,39.27,38.755001,38.994999,37.271942,170336800
2017/10/20,39.1525,39.4375,38.990002,39.0625,37.33646,95896400
2017/10/23,39.2225,39.422501,38.875,39.0425,37.317341,87937200
2017/10/24,39.072498,39.355,39.049999,39.275002,37.539574,71028800
2017/10/25,39.227501,39.387501,38.817501,39.102501,37.374687,84828400
2017/10/26,39.307499,39.4575,39.195,39.352501,37.613644,68002000
2017/10/27,39.822498,40.900002,39.674999,40.762501,38.961342,177816800
2017/10/30,40.9725,42.017502,40.93,41.68,39.838306,178803200
2017/10/31,41.974998,42.412498,41.735001,42.259998,40.392677,144187200
2017/11/1,42.467499,42.485001,41.4025,41.7225,39.878925,134551200
2017/11/2,41.650002,42.125,41.32,42.0275,40.170452,165573600
2017/11/3,43.5,43.564999,42.779999,43.125,41.219452,237594400
2017/11/6,43.092499,43.747501,42.93,43.5625,41.637623,140105200
2017/11/7,43.477501,43.8125,43.400002,43.702499,41.771435,97446000
2017/11/8,43.665001,44.060001,43.5825,44.060001,42.113136,97638000
2017/11/9,43.7775,44.025002,43.285,43.970001,42.027115,117930400
2017/11/10,43.7775,43.845001,43.567501,43.6675,41.888023,100582000
2017/11/13,43.375,43.625,43.349998,43.4925,41.720161,67928400
2017/11/14,43.259998,43.369999,42.794998,42.834999,41.089451,99130000
2017/11/15,42.4925,42.580002,42.095001,42.27,40.547474,116632400
2017/11/16,42.794998,42.967499,42.575001,42.775002,41.031895,94550000
2017/11/17,42.759998,42.8475,42.41,42.537498,40.804073,87598000
2017/11/20,42.572498,42.639999,42.389999,42.494999,40.763306,65049600
2017/11/21,42.695,43.424999,42.695,43.285,41.521114,100525200
2017/11/22,43.34,43.75,43.262501,43.740002,41.957573,102355600
2017/11/24,43.775002,43.875,43.662498,43.7425,41.959969,56106800
2017/11/27,43.762501,43.77,43.334999,43.522499,41.748932,82867200
2017/11/28,43.575001,43.717499,42.965,43.267502,41.504326,105715200
2017/11/29,43.157501,43.23,41.790001,42.369999,40.643398,166665600
2017/11/30,42.607498,43.035,42.110001,42.962502,41.211754,166108800
2017/12/1,42.487499,42.9175,42.125,42.762501,41.019905,159037200
2017/12/4,43.119999,43.154999,42.407501,42.450001,40.720139,130169600
2017/12/5,42.264999,42.880001,42.099998,42.41,40.681767,109400800
2017/12/6,41.875,42.549999,41.615002,42.252499,40.530682,114240000
2017/12/7,42.2575,42.610001,42.227501,42.330002,40.605034,102693200
2017/12/8,42.622501,42.75,42.205002,42.342499,40.617016,93420800
2017/12/11,42.299999,43.2225,42.197498,43.1675,41.408405,141095200
2017/12/12,43.037498,43.0975,42.865002,42.924999,41.175781,77636800
2017/12/13,43.125,43.384998,43,43.067501,41.312481,95273600
2017/12/14,43.099998,43.282501,42.912498,43.055,41.300484,81906000
2017/12/15,43.407501,43.5425,43.115002,43.4925,41.720161,160677200
2017/12/18,43.720001,44.299999,43.715,44.105,42.307701,117684400
2017/12/19,43.7575,43.8475,43.522499,43.634998,41.856853,109745600
2017/12/20,43.717499,43.855,43.3125,43.587502,41.811283,93902400
2017/12/21,43.5425,44.005001,43.525002,43.752499,41.969559,83799600
2017/12/22,43.669998,43.855,43.625,43.752499,41.969559,65397600
2017/12/26,42.700001,42.8675,42.419998,42.642502,40.904797,132742000
2017/12/27,42.525002,42.695,42.427502,42.650002,40.911991,85992800
2017/12/28,42.75,42.962502,42.619999,42.77,41.027103,65920800
2017/12/29,42.630001,42.647499,42.305,42.307499,40.583443,103999600
2018/1/2,42.540001,43.075001,42.314999,43.064999,41.31007,102223600
2018/1/3,43.1325,43.637501,42.990002,43.057499,41.302879,118071600
2018/1/4,43.134998,43.3675,43.02,43.2575,41.494736,89738400
2018/1/5,43.360001,43.842499,43.262501,43.75,41.967163,94640000
2018/1/8,43.587502,43.9025,43.482498,43.587502,41.811283,82271200
2018/1/9,43.637501,43.764999,43.352501,43.5825,41.806496,86336000
2018/1/10,43.290001,43.575001,43.25,43.572498,41.796894,95839600
2018/1/11,43.647499,43.872501,43.622501,43.82,42.034309,74670800
2018/1/12,44.044998,44.34,43.912498,44.272499,42.468365,101672400
2018/1/16,44.474998,44.8475,44.035,44.047501,42.252544,118263600
2018/1/17,44.037498,44.8125,43.767502,44.775002,42.950397,137547200
2018/1/18,44.842499,45.025002,44.5625,44.814999,42.98877,124773600
2018/1/19,44.6525,44.895,44.352501,44.615002,42.796917,129700400
2018/1/22,44.325001,44.445,44.150002,44.25,42.446796,108434400
2018/1/23,44.325001,44.860001,44.205002,44.259998,42.456383,130756400
2018/1/24,44.3125,44.325001,43.299999,43.555,41.780109,204420400
2018/1/25,43.627499,43.737499,42.6325,42.7775,41.034294,166116000
2018/1/26,43,43,42.514999,42.877499,41.130219,156572000
2018/1/29,42.540001,42.540001,41.767502,41.990002,40.278881,202561600
2018/1/30,41.3825,41.842499,41.174999,41.7425,40.04147,184192800
2018/1/31,41.717499,42.110001,41.625,41.857498,40.151787,129915600
2018/2/1,41.7925,42.154999,41.689999,41.945,40.235718,188923200
2018/2/2,41.5,41.700001,40.025002,40.125,38.489887,346375200
2018/2/5,39.775002,40.970001,39,39.122501,37.528236,290954000
2018/2/6,38.7075,40.93,38.5,40.7575,39.096607,272975200
2018/2/7,40.772499,40.849998,39.767502,39.884998,38.259663,206434400
2018/2/8,40.072498,40.25,38.7575,38.787498,37.20689,217562000
2018/2/9,39.267502,39.4725,37.560001,39.102501,37.661976,282690400
2018/2/12,39.625,40.9725,39.377499,40.677502,39.178955,243278000
2018/2/13,40.487499,41.1875,40.412498,41.084999,39.571445,130196800
2018/2/14,40.759998,41.884998,40.720001,41.842499,40.301041,162579600
2018/2/15,42.447498,43.272499,42.25,43.247501,41.654278,204588800
2018/2/16,43.09,43.705002,42.942501,43.107498,41.519432,160704400
2018/2/20,43.012501,43.564999,42.855,42.962502,41.37978,135722000
2018/2/21,43.2075,43.529999,42.752499,42.767502,41.191971,149886400
2018/2/22,42.950001,43.487499,42.927502,43.125,41.536293,123967600
2018/2/23,43.4175,43.912498,43.384998,43.875,42.258675,135249600
2018/2/26,44.087502,44.8475,44.052502,44.7425,43.094204,152648800
2018/2/27,44.775002,45.119999,44.540001,44.5975,42.954556,155712400
2018/2/28,44.814999,45.154999,44.512501,44.529999,42.889526,151128400
2018/3/1,44.634998,44.945,43.165001,43.75,42.138268,195208000
2018/3/2,43.200001,44.075001,43.112499,44.052502,42.429626,153816000
2018/3/5,43.802502,44.435001,43.630001,44.205002,42.576511,113605600
2018/3/6,44.477501,44.5625,44.032501,44.1675,42.540394,95154000
2018/3/7,43.735001,43.962502,43.567501,43.7575,42.145489,126814000
2018/3/8,43.869999,44.279999,43.767502,44.235001,42.605404,95096400
2018/3/9,44.490002,45,44.3475,44.994999,43.337402,128740800
2018/3/12,45.072498,45.5975,45.052502,45.43,43.756374,128828400
2018/3/13,45.647499,45.875,44.810001,44.9925,43.334995,126774000
2018/3/14,45.080002,45.130001,44.452499,44.610001,42.966583,117473600
2018/3/15,44.625,45.060001,44.517502,44.662498,43.017151,90975200
2018/3/16,44.662498,44.779999,44.404999,44.505001,42.865456,157618800
2018/3/19,44.330002,44.3675,43.415001,43.825001,42.210503,133787200
2018/3/20,43.810001,44.200001,43.735001,43.810001,42.19606,78597600
2018/3/21,43.759998,43.772499,42.814999,42.817501,41.240124,148219600
2018/3/22,42.5,43.169998,42.150002,42.212502,40.65741,165963200
2018/3/23,42.0975,42.48,41.235001,41.235001,39.715919,164115200
2018/3/26,42.017502,43.275002,41.610001,43.192501,41.601311,150164800
2018/3/27,43.419998,43.787498,41.73,42.084999,40.534599,163690400
2018/3/28,41.8125,42.505001,41.297501,41.619999,40.086735,166674000
2018/3/29,41.952499,42.9375,41.724998,41.945,40.399765,153594000
2018/4/2,41.66,42.235001,41.1175,41.669998,40.134899,150347200
2018/4/3,41.91,42.1875,41.220001,42.0975,40.54665,121112000
2018/4/4,41.220001,43.002499,41.192501,42.9025,41.321991,138422000
2018/4/5,43.145,43.557499,43.02,43.200001,41.608532,107732800
2018/4/6,42.7425,43.119999,42.049999,42.095001,40.544247,140021200
2018/4/9,42.470001,43.272499,42.462502,42.512501,40.946358,116070800
2018/4/10,43.25,43.5,42.8825,43.3125,41.716892,113634400
2018/4/11,43.057499,43.48,42.924999,43.110001,41.521843,89726400
2018/4/12,43.352501,43.75,43.259998,43.535,41.93119,91557200
2018/4/13,43.695,43.959999,43.462502,43.682499,42.073257,100497200
2018/4/16,43.7575,44.047501,43.7075,43.955002,42.33572,86313600
2018/4/17,44.122501,44.735001,44.102501,44.560001,42.918427,106421600
2018/4/18,44.452499,44.705002,44.220001,44.459999,42.822105,83018000
2018/4/19,43.439999,43.8475,43.165001,43.200001,41.608532,139235200
2018/4/20,42.650002,42.805,41.357498,41.43,39.903744,261964400
2018/4/23,41.7075,41.73,41.022499,41.310001,39.788155,146062000
2018/4/24,41.4175,41.5825,40.305,40.735001,39.234344,134768000
2018/4/25,40.654999,41.355,40.602501,40.912498,39.405293,113528400
2018/4/26,41.029999,41.432499,40.842499,41.055,39.542557,111852000
2018/4/27,41,41.0825,40.157501,40.580002,39.085056,142623200
2018/4/30,40.532501,41.814999,40.459999,41.314999,39.792973,169709600
2018/5/1,41.602501,42.299999,41.317501,42.275002,40.717613,214277600
2018/5/2,43.807499,44.4375,43.450001,44.142502,42.516315,266157600
2018/5/3,43.970001,44.375,43.610001,44.2225,42.593361,136272800
2018/5/4,44.5625,46.0625,44.5425,45.9575,44.264439,224805200
2018/5/7,46.294998,46.9175,46.1875,46.290001,44.584698,169805600
2018/5/8,46.247501,46.555,45.9175,46.512501,44.799004,113611200
2018/5/9,46.637501,46.849998,46.305,46.84,45.114437,92844800
2018/5/10,46.935001,47.592499,46.912498,47.509998,45.75975,111957200
2018/5/11,47.372501,47.514999,46.862499,47.147499,45.585712,104848800
2018/5/14,47.252499,47.3825,46.965,47.037498,45.479355,83115200
2018/5/15,46.695,46.767502,46.275002,46.610001,45.066021,94780800
2018/5/16,46.517502,47.115002,46.5,47.044998,45.48661,76732400
2018/5/17,47,47.227501,46.59,46.747501,45.198963,69176000
2018/5/18,46.797501,46.952499,46.532501,46.577499,45.034599,73190800
2018/5/21,47,47.317501,46.727501,46.907501,45.353672,73603200
2018/5/22,47.095001,47.220001,46.695,46.790001,45.240063,60962800
2018/5/23,46.587502,47.125,46.439999,47.09,45.530121,80233600
2018/5/24,47.192501,47.209999,46.552502,47.037498,45.479355,92936000
2018/5/25,47.057499,47.412498,46.912498,47.145,45.583298,69844000
2018/5/29,46.900002,47.1875,46.717499,46.974998,45.418922,90056400
2018/5/30,46.93,47,46.695,46.875,45.322235,74762000
2018/5/31,46.805,47.057499,46.535,46.717499,45.16996,109931200
2018/6/1,46.997501,47.564999,46.9375,47.560001,45.984558,93770000
2018/6/4,47.91,48.355,47.837502,47.9575,46.368881,105064800
2018/6/5,48.267502,48.485001,48.09,48.327499,46.726624,86264000
2018/6/6,48.407501,48.52,47.98,48.494999,46.888577,83734400
2018/6/7,48.535,48.549999,48.084999,48.365002,46.762878,85388800
2018/6/8,47.7925,48,47.442501,47.924999,46.337463,106627200
2018/6/11,47.837502,47.9925,47.552502,47.807499,46.223854,73234000
2018/6/12,47.8475,48.1525,47.787498,48.07,46.47765,67644400
2018/6/13,48.105,48.220001,47.610001,47.674999,46.095737,86553600
2018/6/14,47.887501,47.892502,47.555,47.700001,46.119915,86440400
2018/6/15,47.5075,47.540001,47.064999,47.209999,45.646137,246876800
2018/6/18,46.970001,47.305,46.799999,47.185001,45.621964,73939600
2018/6/19,46.285,46.5825,45.862499,46.422501,44.884731,134314000
2018/6/20,46.587502,46.799999,46.432499,46.625,45.080524,82514800
2018/6/21,46.8125,47.087502,46.235001,46.365002,44.82914,102847600
2018/6/22,46.529999,46.537498,46.174999,46.23,44.698605,108801600
2018/6/25,45.849998,46.23,45.182499,45.5425,44.033878,126652400
2018/6/26,45.747501,46.6325,45.634998,46.107498,44.580158,98276800
2018/6/27,46.307499,46.82,46.0075,46.040001,44.514896,101141200
2018/6/28,46.025002,46.552502,45.950001,46.375,44.838802,69460800
2018/6/29,46.572498,46.797501,45.727501,46.2775,44.744537,90950800
2018/7/2,45.955002,46.825001,45.855,46.794998,45.244896,70925200
2018/7/3,46.947498,46.987499,45.884998,45.98,44.45689,55819200
2018/7/5,46.314999,46.602501,46.07,46.349998,44.814629,66416800
2018/7/6,46.355,47.107498,46.299999,46.9925,45.435848,69940800
2018/7/9,47.375,47.669998,47.325001,47.645,46.06673,79026400
2018/7/10,47.677502,47.82,47.544998,47.587502,46.011139,63756400
2018/7/11,47.125,47.445,46.9025,46.970001,45.414093,75326000
2018/7/12,47.3825,47.852501,47.327499,47.7575,46.175507,72164400
2018/7/13,47.77,47.959999,47.724998,47.8325,46.248024,50055600
2018/7/16,47.880001,48.162498,47.605,47.727501,46.146507,60172400
2018/7/17,47.4375,47.967499,47.299999,47.862499,46.277035,62138000
2018/7/18,47.945,47.950001,47.482498,47.599998,46.023224,65573600
2018/7/19,47.422501,48.137501,47.422501,47.970001,46.38097,81147200
2018/7/20,47.945,48.107498,47.5425,47.860001,46.274609,82704800
2018/7/23,47.669998,47.990002,47.389999,47.9025,46.315697,63957600
2018/7/24,48.112499,48.415001,48.012501,48.25,46.651688,74791600
2018/7/25,48.264999,48.712502,48.107498,48.705002,47.091614,66839600
2018/7/26,48.6525,48.990002,48.4025,48.552502,46.944168,76304000
2018/7/27,48.747501,48.797501,47.525002,47.744999,46.163422,96096000
2018/7/30,47.974998,48.049999,47.267502,47.477501,45.904778,84118000
2018/7/31,47.575001,48.035,47.334999,47.572498,45.996632,157492000
2018/8/1,49.782501,50.439999,49.327499,50.375,48.706295,271742800
2018/8/2,50.145,52.095001,50.087502,51.8475,50.130024,249616000
2018/8/3,51.7575,52.185001,51.369999,51.997501,50.275055,133789600
2018/8/6,52,52.3125,51.767502,52.267502,50.536114,101701600
2018/8/7,52.330002,52.375,51.689999,51.7775,50.06234,102349600
2018/8/8,51.512501,51.952499,51.130001,51.8125,50.096188,90102000
2018/8/9,52.3825,52.445,51.799999,52.220001,50.490185,93970400
2018/8/10,51.84,52.275002,51.6675,51.8825,50.33979,98444800
2018/8/13,52.327499,52.737499,51.924999,52.217499,50.664829,103563600
2018/8/14,52.540001,52.639999,52.064999,52.4375,50.878296,82992000
2018/8/15,52.305,52.685001,52.0825,52.560001,50.99715,115230400
2018/8/16,52.9375,53.452499,52.8675,53.330002,51.744251,114001600
2018/8/17,53.360001,54.487499,53.290001,54.395,52.777592,141708000
2018/8/20,54.525002,54.794998,53.7775,53.865002,52.263344,121150800
2018/8/21,54.200001,54.297501,53.5075,53.759998,52.161461,104639200
2018/8/22,53.525002,54.09,53.459999,53.762501,52.163895,76072400
2018/8/23,53.662498,54.262501,53.650002,53.872501,52.270622,75532800
2018/8/24,54.150002,54.224998,53.7775,54.040001,52.433147,73905600
2018/8/27,54.287498,54.685001,54.0825,54.485001,52.864918,82100400
2018/8/28,54.752499,55.134998,54.73,54.924999,53.291824,91107200
2018/8/29,55.037498,55.872501,54.852501,55.744999,54.087444,109019200
2018/8/30,55.8125,57.064999,55.599998,56.2575,54.584709,195175200
2018/8/31,56.627499,57.217499,56.5,56.907501,55.215378,173360400
2018/9/4,57.102501,57.294998,56.657501,57.09,55.392456,109560400
2018/9/5,57.247501,57.4175,56.275002,56.717499,55.031029,133332000
2018/9/6,56.557499,56.837502,55.325001,55.775002,54.116558,137160000
2018/9/7,55.462502,56.342499,55.177502,55.325001,53.679935,150479200
2018/9/10,55.237499,55.462502,54.1175,54.5825,52.959511,158066000
2018/9/11,54.502499,56.075001,54.139999,55.962502,54.298481,142996000
2018/9/12,56.235001,56.25,54.959999,55.267502,53.624142,197114800
2018/9/13,55.880001,57.087502,55.642502,56.602501,54.919445,166825600
2018/9/14,56.4375,56.709999,55.630001,55.959999,54.296047,127997200
2018/9/17,55.537498,55.737499,54.317501,54.470001,52.850361,148780400
2018/9/18,54.447498,55.462502,54.279999,54.560001,52.937675,126286800
2018/9/19,54.625,54.904999,53.825001,54.592499,52.969212,108495200
2018/9/20,55.060001,55.57,54.787498,55.0075,53.371872,106435200
2018/9/21,55.195,55.34,54.322498,54.415001,52.796997,384986800
2018/9/24,54.205002,55.314999,54.157501,55.197498,53.556225,110773600
2018/9/25,54.9375,55.705002,54.924999,55.547501,53.895813,98217600
2018/9/26,55.25,55.9375,54.939999,55.105,53.46648,95938800
2018/9/27,55.955002,56.610001,55.884998,56.237499,54.565292,120724800
2018/9/28,56.197498,56.459999,56.005001,56.435001,54.756927,91717600
2018/10/1,56.987499,57.355,56.587502,56.814999,55.125626,94403200
2018/10/2,56.8125,57.5,56.657501,57.32,55.615608,99152800
2018/10/3,57.512501,58.3675,57.445,58.017502,56.292374,114619200
2018/10/4,57.695,58.087502,56.682499,56.997501,55.302704,128168000
2018/10/5,56.990002,57.102501,55.145,56.072498,54.405209,134322000
2018/10/8,55.552502,56.200001,55.049999,55.942501,54.279079,118655600
2018/10/9,55.91,56.817501,55.5625,56.717499,55.031029,107564000
2018/10/10,56.365002,56.587502,54.012501,54.09,52.481659,167962400
2018/10/11,53.630001,54.875,53.080002,53.612499,52.018353,212497600
2018/10/12,55.105,55.720001,54.209999,55.5275,53.876411,161351600
2018/10/15,55.290001,55.4575,54.317501,54.34,52.72422,123164000
2018/10/16,54.732498,55.747501,54.189999,55.537498,53.886112,116736000
2018/10/17,55.575001,55.66,54.834999,55.297501,53.653248,91541600
2018/10/18,54.465,54.935001,53.25,54.005001,52.399181,130325200
2018/10/19,54.514999,55.314999,54.357498,54.827499,53.19722,132314800
2018/10/22,54.947498,55.84,54.735001,55.162498,53.52227,115168400
2018/10/23,53.9575,55.8125,53.674999,55.682499,54.026798,155071200
2018/10/24,55.650002,56.057499,53.634998,53.772499,52.173595,163702000
2018/10/25,54.427502,55.345001,54.1875,54.950001,53.316082,119423200
2018/10/26,53.974998,55.047501,53.1675,54.075001,52.467102,189033600
2018/10/29,54.797501,54.922501,51.522499,53.060001,51.482285,183742000
2018/10/30,52.787498,53.794998,52.317501,53.325001,51.739403,146640000
2018/10/31,54.220001,55.112499,54.154999,54.715,53.088074,153435600
2018/11/1,54.762501,55.59,54.202499,55.555,53.903095,233292800
2018/11/2,52.387501,53.412498,51.357498,51.869999,50.327675,365314800
2018/11/5,51.075001,51.0975,49.5425,50.397499,48.898945,264654800
2018/11/6,50.48,51.18,50.422501,50.942501,49.427746,127531600
2018/11/7,51.4925,52.514999,51.032501,52.487499,50.926807,133697600
2018/11/8,52.494999,52.529999,51.6875,52.122501,50.749123,101450400
2018/11/9,51.387501,51.502499,50.5625,51.1175,49.770596,137463200
2018/11/12,49.75,49.962502,48.447498,48.5425,47.263443,204542000
2018/11/13,47.907501,49.294998,47.862499,48.057499,46.791222,187531600
2018/11/14,48.474998,48.619999,46.482498,46.700001,45.469494,243204000
2018/11/15,47.0975,47.9925,46.724998,47.852501,46.591629,185915200
2018/11/16,47.625,48.7425,47.365002,48.3825,47.107662,147713200
2018/11/19,47.5,47.674999,46.247501,46.465,45.240688,167701200
2018/11/20,44.592499,45.3675,43.877499,44.244999,43.079178,271300800
2018/11/21,44.932499,45.067501,44.137501,44.195,43.030499,124496800
2018/11/23,43.735001,44.150002,43.025002,43.072498,41.937576,94496000
2018/11/26,43.560001,43.737499,42.564999,43.654999,42.504726,179994000
2018/11/27,42.877499,43.692501,42.720001,43.560001,42.412231,165549600
2018/11/28,44.182499,45.322498,43.732498,45.235001,44.043098,184250000
2018/11/29,45.665001,45.700001,44.424999,44.887501,43.704758,167080000
2018/11/30,45.072498,45.0825,44.2575,44.645,43.468647,158126000
2018/12/3,46.115002,46.235001,45.302502,46.205002,44.987534,163210000
2018/12/4,45.237499,45.5975,44.067501,44.172501,43.008591,165377200
2018/12/6,42.939999,43.695,42.605,43.68,42.529068,172393600
2018/12/7,43.372501,43.622501,42.075001,42.122501,41.012604,169126400
2018/12/10,41.25,42.522499,40.8325,42.400002,41.282795,248104000
2018/12/11,42.915001,42.947498,41.75,42.157501,41.046688,189126800
2018/12/12,42.599998,42.98,42.255001,42.275002,41.161091,142510800
2018/12/13,42.622501,43.142502,42.387501,42.737499,41.611404,127594400
2018/12/14,42.25,42.27,41.32,41.369999,40.279934,162814800
2018/12/17,41.362499,42.087502,40.682499,40.985001,39.905083,177151600
2018/12/18,41.345001,41.8825,41.0975,41.517502,40.42355,135366000
2018/12/19,41.5,41.862499,39.772499,40.2225,39.162666,196189200
2018/12/20,40.099998,40.5275,38.825001,39.2075,38.174412,259092000
2018/12/21,39.215,39.540001,37.407501,37.682499,36.689594,382978400
2018/12/24,37.037498,37.887501,36.647499,36.7075,35.74028,148676800
2018/12/26,37.075001,39.307499,36.68,39.2925,38.257172,234330000
2018/12/27,38.959999,39.192501,37.517502,39.037498,38.008892,212468400
2018/12/28,39.375,39.630001,38.637501,39.057499,38.02837,169165600
2018/12/31,39.6325,39.84,39.119999,39.435001,38.39592,140014000
2019/1/2,38.7225,39.712502,38.557499,39.48,38.439735,148158800
2019/1/3,35.994999,36.43,35.5,35.547501,34.610851,365248800
2019/1/4,36.1325,37.137501,35.950001,37.064999,36.088364,234428400
2019/1/7,37.174999,37.2075,36.474998,36.982498,36.008041,219111200
2019/1/8,37.389999,37.955002,37.130001,37.6875,36.694466,164101200
2019/1/9,37.822498,38.6325,37.407501,38.327499,37.3176,180396400
2019/1/10,38.125,38.4925,37.715,38.450001,37.436874,143122800
2019/1/11,38.220001,38.424999,37.877499,38.072498,37.069317,108092800
2019/1/14,37.712502,37.817501,37.305,37.5,36.511906,129756800
2019/1/15,37.567501,38.3475,37.512501,38.267502,37.259186,114843600
2019/1/16,38.27,38.970001,38.25,38.735001,37.714363,122278800
2019/1/17,38.549999,39.415001,38.314999,38.965,37.938301,119284800
2019/1/18,39.375,39.470001,38.994999,39.205002,38.171974,135004000
2019/1/22,39.102501,39.182499,38.154999,38.325001,37.31517,121576000
2019/1/23,38.537498,38.785,37.924999,38.48,37.46608,92522400
2019/1/24,38.5275,38.619999,37.935001,38.174999,37.169121,101766000
2019/1/25,38.869999,39.532501,38.580002,39.439999,38.400784,134142000
2019/1/28,38.947498,39.0825,38.415001,39.075001,38.04541,104768400
2019/1/29,39.0625,39.532501,38.5275,38.669998,37.651077,166348800
2019/1/30,40.8125,41.537498,40.057499,41.3125,40.223942,244439200
2019/1/31,41.5275,42.25,41.139999,41.610001,40.513611,162958400
2019/2/1,41.740002,42.244999,41.482498,41.630001,40.533089,130672400
2019/2/4,41.852501,42.915001,41.82,42.8125,41.684422,125982000
2019/2/5,43.215,43.77,43.087502,43.544998,42.397625,144406400
2019/2/6,43.662498,43.892502,43.212502,43.560001,42.412231,112958400
2019/2/7,43.099998,43.485001,42.584999,42.735001,41.608967,126966800
2019/2/8,42.247501,42.665001,42.105,42.602501,41.65786,95280000
2019/2/11,42.762501,42.802502,42.3125,42.357498,41.418289,83973600
2019/2/12,42.525002,42.75,42.424999,42.7225,41.7752,89134000
2019/2/13,42.8475,43.119999,42.48,42.544998,41.601627,89960800
2019/2/14,42.427502,42.814999,42.345001,42.700001,41.753201,87342800
2019/2/15,42.8125,42.924999,42.4375,42.605,41.660297,98507200
2019/2/19,42.427502,42.860001,42.372501,42.732498,41.784973,75891200
2019/2/20,42.797501,43.330002,42.747501,43.0075,42.053879,104457600
2019/2/21,42.950001,43.092499,42.575001,42.764999,41.816753,68998800
2019/2/22,42.895,43.25,42.845001,43.2425,42.283672,75652800
2019/2/25,43.540001,43.967499,43.487499,43.557499,42.591686,87493600
2019/2/26,43.427502,43.825001,43.2925,43.5825,42.616127,68280800
2019/2/27,43.302502,43.75,43.182499,43.717499,42.748135,111341600
2019/2/28,43.580002,43.727501,43.23,43.287498,42.327675,112861600
2019/3/1,43.57,43.787498,43.2225,43.7425,42.772587,103544800
2019/3/4,43.922501,44.4375,43.4925,43.962502,42.987701,109744800
2019/3/5,43.985001,44,43.634998,43.8825,42.909473,78949600
2019/3/6,43.6675,43.872501,43.485001,43.630001,42.662579,83241600
2019/3/7,43.467499,43.610001,43.005001,43.125,42.168774,99185600
2019/3/8,42.580002,43.267502,42.375,43.227501,42.269001,95997600
2019/3/11,43.872501,44.779999,43.837502,44.724998,43.733299,128044000
2019/3/12,45,45.6675,44.842499,45.227501,44.224655,129870400
2019/3/13,45.5625,45.825001,45.23,45.427502,44.420219,124130000
2019/3/14,45.974998,46.025002,45.639999,45.932499,44.914021,94318000
2019/3/15,46.212502,46.8325,45.935001,46.529999,45.498264,156171600
2019/3/18,46.450001,47.0975,46.447498,47.005001,45.962746,104879200
2019/3/19,47.087502,47.247501,46.48,46.6325,45.598503,126585600
2019/3/20,46.557499,47.372501,46.182499,47.040001,45.996967,124140800
2019/3/21,47.505001,49.0825,47.452499,48.772499,47.691051,204136800
2019/3/22,48.834999,49.422501,47.695,47.762501,46.703445,169630800
2019/3/25,47.877499,47.994999,46.650002,47.185001,46.138744,175381200
2019/3/26,47.915001,48.220001,46.145,46.697498,45.66206,199202000
2019/3/27,47.1875,47.439999,46.637501,47.1175,46.07275,119393600
2019/3/28,47.237499,47.389999,46.8825,47.18,46.133858,83121600
2019/3/29,47.4575,47.52,47.134998,47.487499,46.434544,94256000
2019/4/1,47.91,47.919998,47.095001,47.810001,46.749901,111448000
2019/4/2,47.772499,48.615002,47.762501,48.505001,47.429478,91062800
2019/4/3,48.3125,49.125,48.287498,48.837502,47.754612,93087200
2019/4/4,48.697498,49.092499,48.285,48.922501,47.837719,76457200
2019/4/5,49.112499,49.275002,48.982498,49.25,48.157959,74106400
2019/4/8,49.105,50.057499,49.084999,50.025002,48.915783,103526800
2019/4/9,50.080002,50.712502,49.807499,49.875,48.769104,143072800
2019/4/10,49.669998,50.185001,49.544998,50.154999,49.042889,86781200
2019/4/11,50.212502,50.25,49.610001,49.737499,48.634655,83603200
2019/4/12,49.799999,50.035,49.052502,49.717499,48.615089,111042800
2019/4/15,49.645,49.962502,49.502499,49.807499,48.703094,70146400
2019/4/16,49.865002,50.342499,49.639999,49.8125,48.707989,102785600
2019/4/17,49.884998,50.845001,49.6525,50.782501,49.656483,115627200
2019/4/18,50.779999,51.037498,50.630001,50.965,49.834938,96783200
2019/4/22,50.7075,51.235001,50.584999,51.1325,49.998718,77758000
2019/4/23,51.107498,51.9375,50.974998,51.869999,50.719872,93292000
2019/4/24,51.84,52.119999,51.762501,51.790001,50.641644,70162400
2019/4/25,51.7075,51.939999,51.279999,51.32,50.182068,74172800
2019/4/26,51.224998,51.25,50.529999,51.075001,49.942493,74596400
2019/4/29,51.099998,51.4925,50.965,51.1525,50.018276,88818800
2019/4/30,50.764999,50.849998,49.7775,50.1675,49.055115,186139600
2019/5/1,52.470001,53.827499,52.307499,52.630001,51.463013,259309200
2019/5/2,52.459999,53.162498,52.032501,52.287498,51.128105,127985200
2019/5/3,52.7225,52.959999,52.557499,52.9375,51.763695,83569600
2019/5/6,51.072498,52.209999,50.875,52.119999,50.964329,129772400
2019/5/7,51.470001,51.855,50.2075,50.715,49.590477,155054800
2019/5/8,50.474998,51.334999,50.4375,50.724998,49.60025,105358000
2019/5/9,50.099998,50.419998,49.165001,50.18,49.067337,139634400
2019/5/10,49.355,49.712502,48.192501,49.294998,48.387592,164834800
2019/5/13,46.927502,47.369999,45.712502,46.43,45.575329,229722400
2019/5/14,46.602501,47.424999,46.352501,47.165001,46.296795,146118800
2019/5/15,46.567501,47.9375,46.505001,47.73,46.851391,106178800
2019/5/16,47.477501,48.1175,47.209999,47.52,46.645256,132125600
2019/5/17,46.732498,47.724998,46.689999,47.25,46.38023,131516400
2019/5/20,45.880001,46.087502,45.07,45.772499,44.929932,154449200
2019/5/21,46.305,47,46.174999,46.650002,45.791275,113459200
2019/5/22,46.165001,46.427502,45.637501,45.695,44.853859,118994400
2019/5/23,44.950001,45.134998,44.452499,44.915001,44.088215,146118800
2019/5/24,45.049999,45.535,44.654999,44.7425,43.918888,94858800
2019/5/28,44.73,45.147499,44.477501,44.557499,43.737293,111792800
2019/5/29,44.105,44.837502,44,44.345001,43.528706,113924800
2019/5/30,44.487499,44.807499,44.1675,44.575001,43.754475,84873600
2019/5/31,44.057499,44.497501,43.747501,43.767502,42.961842,108174400
2019/6/3,43.900002,44.48,42.567501,43.325001,42.527481,161584400
2019/6/4,43.860001,44.9575,43.630001,44.91,44.083302,123872000
2019/6/5,46.07,46.247501,45.285,45.634998,44.794956,119093600
2019/6/6,45.77,46.3675,45.537498,46.305,45.452625,90105200
2019/6/7,46.627499,47.98,46.442501,47.537498,46.662441,122737600
2019/6/10,47.952499,48.842499,47.904999,48.145,47.258759,104883600
2019/6/11,48.715,49,48.400002,48.702499,47.805996,107731600
2019/6/12,48.487499,48.9925,48.3475,48.547501,47.653847,73012800
2019/6/13,48.674999,49.197498,48.400002,48.537498,47.644032,86698400
2019/6/14,47.887501,48.397499,47.575001,48.185001,47.298027,75046000
2019/6/17,48.224998,48.740002,48.0425,48.4725,47.580223,58676400
2019/6/18,49.012501,50.072498,48.802502,49.612499,48.699249,106204000
2019/6/19,49.919998,49.970001,49.327499,49.467499,48.556911,84496800
2019/6/20,50.092499,50.1525,49.5075,49.865002,48.947098,86056000
2019/6/21,49.700001,50.212502,49.537498,49.695,48.780224,191202400
2019/6/24,49.634998,50.040001,49.5425,49.645,48.731144,72881600
2019/6/25,49.607498,49.814999,48.822498,48.892502,47.9925,84281200
2019/6/26,49.442501,50.247501,49.337502,49.950001,49.030533,104270000
2019/6/27,50.072498,50.392502,49.892502,49.935001,49.015808,83598800
2019/6/28,49.669998,49.875,49.262501,49.48,48.56918,124442400
2019/7/1,50.7925,51.122501,50.162498,50.387501,49.459972,109012000
2019/7/2,50.352501,50.782501,50.34,50.682499,49.749546,67740800
2019/7/3,50.82,51.110001,50.672501,51.102501,50.161819,45448000
2019/7/5,50.837502,51.27,50.724998,51.057499,50.117641,69062000
2019/7/8,50.202499,50.349998,49.602501,50.005001,49.084515,101354400
2019/7/9,49.799999,50.377499,49.702499,50.310001,49.383907,82312000
2019/7/10,50.462502,50.932499,50.389999,50.807499,49.872242,71588400
2019/7/11,50.827499,51.0975,50.427502,50.4375,49.509064,80767200
2019/7/12,50.612499,51,50.549999,50.825001,49.889423,70380800
2019/7/15,51.022499,51.467499,51,51.302502,50.358139,67789600
2019/7/16,51.147499,51.5275,50.875,51.125,50.183903,67467200
2019/7/17,51.012501,51.272499,50.817501,50.837502,49.901699,56430000
2019/7/18,51,51.470001,50.924999,51.415001,50.468563,74162400
2019/7/19,51.447498,51.625,50.59,50.647499,49.715195,83717200
2019/7/22,50.912498,51.807499,50.9025,51.805,50.851383,89111600
2019/7/23,52.115002,52.227501,51.822498,52.209999,51.248924,73420800
2019/7/24,51.9175,52.287498,51.7925,52.1675,51.207211,59966400
2019/7/25,52.2225,52.310001,51.682499,51.755001,50.802307,55638400
2019/7/26,51.869999,52.432499,51.785,51.935001,50.978992,70475600
2019/7/29,52.115002,52.66,52.110001,52.419998,51.455059,86693600
2019/7/30,52.189999,52.540001,51.827499,52.195,51.234207,135742800
2019/7/31,54.105,55.342499,52.825001,53.259998,52.279598,277125600
2019/8/1,53.474998,54.5075,51.685001,52.107498,51.148312,216071600
2019/8/2,51.3825,51.607498,50.407501,51.005001,50.066113,163448400
2019/8/5,49.497501,49.662498,48.145,48.334999,47.445263,209572000
2019/8/6,49.077499,49.517502,48.509998,49.25,48.343418,143299200
2019/8/7,48.852501,49.889999,48.455002,49.759998,48.844028,133457600
2019/8/8,50.049999,50.8825,49.8475,50.857498,49.921326,108038000
2019/8/9,50.325001,50.689999,49.822498,50.247501,49.509953,98478800
2019/8/12,49.904999,50.512501,49.787498,50.119999,49.384327,89927600
2019/8/13,50.255001,53.035,50.119999,52.2425,51.47567,188874000
2019/8/14,50.790001,51.610001,50.647499,50.6875,49.943493,146189600
2019/8/15,50.865002,51.285,49.9175,50.435001,49.694702,108909600
2019/8/16,51.07,51.790001,50.959999,51.625,50.867237,110481600
2019/8/19,52.654999,53.182499,52.5075,52.587502,51.815609,97654400
2019/8/20,52.720001,53.337502,52.580002,52.59,51.818073,107537200
2019/8/21,53.247501,53.412498,52.900002,53.16,52.379707,86141600
2019/8/22,53.297501,53.610001,52.6875,53.115002,52.335365,89014800
2019/8/23,52.357498,53.012501,50.25,50.66,49.916401,187272000
2019/8/26,51.465,51.797501,51.264999,51.622501,50.864773,104174400
2019/8/27,51.965,52.137501,50.8825,51.040001,50.290817,103493200
2019/8/28,51.025002,51.43,50.830002,51.3825,50.628296,63755200
2019/8/29,52.125,52.330002,51.665001,52.252499,51.485523,83962000
2019/8/30,52.540001,52.612499,51.799999,52.185001,51.419014,84573600
2019/9/3,51.607498,51.744999,51.055,51.424999,50.67017,80092000
2019/9/4,52.0975,52.369999,51.830002,52.297501,51.529869,76752400
2019/9/5,53,53.4925,52.877499,53.32,52.537354,95654800
2019/9/6,53.512501,53.605,53.127499,53.314999,52.532429,77449200
2019/9/9,53.709999,54.110001,52.767502,53.5425,52.756588,109237600
2019/9/10,53.465,54.195,52.927502,54.174999,53.379799,127111600
2019/9/11,54.517502,55.927502,54.432499,55.897499,55.077019,177158400
2019/9/12,56.200001,56.605,55.715,55.772499,54.95385,128906800
2019/9/13,55,55.197498,54.255001,54.6875,53.884773,159053200
2019/9/16,54.432499,55.032501,54.389999,54.974998,54.168064,84632400
2019/9/17,54.990002,55.205002,54.779999,55.174999,54.365128,73274800
2019/9/18,55.264999,55.712502,54.860001,55.692501,54.875023,101360000
2019/9/19,55.502499,55.939999,55.092499,55.240002,54.429173,88242400
2019/9/20,55.345001,55.639999,54.3675,54.432499,53.633526,221652400
2019/9/23,54.737499,54.959999,54.412498,54.68,53.877392,76662000
2019/9/24,55.2575,55.622501,54.297501,54.419998,53.621204,124763200
2019/9/25,54.637501,55.375,54.285,55.2575,54.446419,87613600
2019/9/26,55,55.235001,54.7075,54.9725,54.165604,75334000
2019/9/27,55.134998,55.240002,54.32,54.705002,53.902031,101408000
2019/9/30,55.224998,56.145,55.197498,55.9925,55.170628,103909600
2019/10/1,56.267502,57.055,56.049999,56.147499,55.323353,139223200
2019/10/2,55.764999,55.895,54.482498,54.740002,53.936512,138449200
2019/10/3,54.607498,55.240002,53.782501,55.205002,54.394684,114426000
2019/10/4,56.41,56.872501,55.9725,56.752499,55.919472,138478800
2019/10/7,56.567501,57.482498,56.459999,56.764999,55.931789,122306000
2019/10/8,56.455002,57.014999,56.0825,56.099998,55.27655,111820000
2019/10/9,56.7575,56.947498,56.41,56.7575,55.924393,74770400
2019/10/10,56.982498,57.610001,56.825001,57.522499,56.678173,113013600
2019/10/11,58.237499,59.41,58.077499,59.052502,58.185715,166795600
2019/10/14,58.724998,59.532501,58.6675,58.967499,58.101952,96427600
2019/10/15,59.0975,59.412498,58.720001,58.830002,57.96648,87360000
2019/10/16,58.342499,58.810001,58.299999,58.592499,57.732464,73903200
2019/10/17,58.772499,59.037498,58.380001,58.82,57.956623,67585200
2019/10/18,58.647499,59.395,58.572498,59.102501,58.234982,97433600
2019/10/21,59.380001,60.247501,59.330002,60.127499,59.244934,87247200
2019/10/22,60.290001,60.549999,59.904999,59.990002,59.109451,82293600
2019/10/23,60.525002,60.810001,60.305,60.794998,59.902634,75828800
2019/10/24,61.127499,61.200001,60.452499,60.895,60.001167,69275200
2019/10/25,60.790001,61.682499,60.720001,61.645,60.740158,73477200
2019/10/28,61.855,62.3125,61.68,62.262501,61.348595,96572800
2019/10/29,62.2425,62.4375,60.642502,60.822498,59.929733,142839600
2019/10/30,61.189999,61.325001,60.302502,60.814999,59.92234,124522000
2019/10/31,61.810001,62.2925,59.314999,62.189999,61.277161,139162000
2019/11/1,62.384998,63.982498,62.290001,63.955002,63.016258,151125200
2019/11/4,64.332497,64.462502,63.845001,64.375,63.430088,103272000
2019/11/5,64.262497,64.547501,64.080002,64.282501,63.338947,79897600
2019/11/6,64.192497,64.372498,63.842499,64.309998,63.366043,75864400
2019/11/7,64.684998,65.087502,64.527496,64.857498,64.097366,94940400
2019/11/8,64.672501,65.110001,64.212502,65.035004,64.272789,69986400
2019/11/11,64.574997,65.6175,64.57,65.550003,64.781754,81821200
2019/11/12,65.387497,65.697502,65.230003,65.489998,64.722443,87388800
2019/11/13,65.282501,66.195,65.267502,66.1175,65.342598,102734400
2019/11/14,65.9375,66.220001,65.525002,65.660004,64.890472,89182800
2019/11/15,65.919998,66.445,65.752502,66.440002,65.661324,100206400
2019/11/18,66.449997,66.857498,66.057503,66.775002,65.992393,86703200
2019/11/19,66.974998,67,66.347504,66.572502,65.792267,76167200
2019/11/20,66.385002,66.519997,65.099998,65.797501,65.026344,106234400
2019/11/21,65.922501,66.002502,65.294998,65.502502,64.734818,121395200
2019/11/22,65.647499,65.794998,65.209999,65.445,64.677971,65325200
2019/11/25,65.677498,66.610001,65.629997,66.592499,65.812027,84020400
2019/11/26,66.735001,66.790001,65.625,66.072502,65.298134,105207600
2019/11/27,66.394997,66.995003,66.327499,66.959999,66.175232,65235600
2019/11/29,66.650002,67,66.474998,66.8125,66.029449,46617600
2019/12/2,66.817497,67.0625,65.862503,66.040001,65.266006,94487200
2019/12/3,64.577499,64.8825,64.072502,64.862503,64.10231,114430400
2019/12/4,65.267502,65.827499,65.169998,65.434998,64.668098,67181600
2019/12/5,65.947502,66.472504,65.682503,66.394997,65.616837,74424400
2019/12/6,66.870003,67.75,66.824997,67.677498,66.884315,106075600
2019/12/9,67.5,67.699997,66.227501,66.730003,65.947929,128042400
2019/12/10,67.150002,67.517502,66.464996,67.120003,66.333351,90420400
2019/12/11,67.202499,67.775002,67.125,67.692497,66.899139,78756800
2019/12/12,66.945,68.139999,66.830002,67.864998,67.069626,137310400
2019/12/13,67.864998,68.824997,67.732498,68.787498,67.9813,133587600
2019/12/16,69.25,70.197502,69.245003,69.964996,69.144997,128186000
2019/12/17,69.892502,70.442497,69.699997,70.102501,69.280899,114158400
2019/12/18,69.949997,70.474998,69.779999,69.934998,69.115349,116028400
2019/12/19,69.875,70.294998,69.737503,70.004997,69.184532,98369200
2019/12/20,70.557503,70.662498,69.639999,69.860001,69.041237,275978000
2019/12/23,70.1325,71.0625,70.092499,71,70.167885,98572000
2019/12/24,71.172501,71.222504,70.730003,71.067497,70.234581,48478800
2019/12/26,71.205002,72.495003,71.175003,72.477501,71.628067,93121200
2019/12/27,72.779999,73.4925,72.029999,72.449997,71.600876,146266000
2019/12/30,72.364998,73.172501,71.305,72.879997,72.025833,144114400
2019/12/31,72.482498,73.419998,72.379997,73.412498,72.552094,100805600
2020/1/2,74.059998,75.150002,73.797501,75.087502,74.207466,135480400
2020/1/3,74.287498,75.144997,74.125,74.357498,73.486023,146322800
2020/1/6,73.447502,74.989998,73.1875,74.949997,74.071579,118387200
2020/1/7,74.959999,75.224998,74.370003,74.597504,73.723213,108872000
2020/1/8,74.290001,76.110001,74.290001,75.797501,74.909149,132079200
2020/1/9,76.809998,77.607498,76.550003,77.407501,76.500275,170108400
2020/1/10,77.650002,78.167503,77.0625,77.582497,76.673225,140644800
2020/1/13,77.910004,79.267502,77.787498,79.239998,78.311295,121532000
2020/1/14,79.175003,79.392502,78.042503,78.169998,77.253838,161954400
2020/1/15,77.962502,78.875,77.387497,77.834999,76.922775,121923600
2020/1/16,78.397499,78.925003,78.022499,78.809998,77.886337,108829200
2020/1/17,79.067497,79.684998,78.75,79.682503,78.748619,137816400
2020/1/21,79.297501,79.754997,79,79.142502,78.214951,110843200
2020/1/22,79.644997,79.997498,79.327499,79.425003,78.494141,101832400
2020/1/23,79.480003,79.889999,78.912498,79.807503,78.872154,104472000
2020/1/24,80.0625,80.832497,79.379997,79.577499,78.644852,146537600
2020/1/27,77.514999,77.942497,76.220001,77.237503,76.332275,161940000
2020/1/28,78.150002,79.599998,78.047501,79.422501,78.491669,162234000
2020/1/29,81.112503,81.962502,80.345001,81.084999,80.134674,216229200
2020/1/30,80.135002,81.022499,79.6875,80.967499,80.018555,126743200
2020/1/31,80.232498,80.669998,77.072502,77.377502,76.470634,199588400
2020/2/3,76.074997,78.372498,75.555,77.165001,76.260628,173788400
2020/2/4,78.827499,79.910004,78.407501,79.712502,78.778267,136616400
2020/2/5,80.879997,81.190002,79.737503,80.362503,79.420647,118826800
2020/2/6,80.642502,81.305,80.065002,81.302498,80.349632,105425600
2020/2/7,80.592499,80.849998,79.5,80.0075,79.257469,117684000
2020/2/10,78.544998,80.387497,78.462502,80.387497,79.633904,109348800
2020/2/11,80.900002,80.974998,79.677498,79.902496,79.153442,94323200
2020/2/12,80.3675,81.805,80.3675,81.800003,81.033165,113730400
2020/2/13,81.047501,81.555,80.837502,81.217499,80.456116,94747600
2020/2/14,81.184998,81.495003,80.712502,81.237503,80.475937,80113600
2020/2/18,78.839996,79.9375,78.652496,79.75,79.00238,152531200
2020/2/19,80,81.142502,80,80.904999,80.146545,93984000
2020/2/20,80.657501,81.162498,79.552498,80.074997,79.324333,100566000
2020/2/21,79.654999,80.112503,77.625,78.262497,77.528809,129554000
2020/2/24,74.315002,76.044998,72.307503,74.544998,73.846161,222195200
2020/2/25,75.237503,75.6325,71.532501,72.019997,71.344841,230673600
2020/2/26,71.6325,74.470001,71.625,73.162498,72.476631,198054800
2020/2/27,70.275002,71.5,68.239998,68.379997,67.738968,320605600
2020/2/28,64.315002,69.602501,64.092499,68.339996,67.699341,426510000
2020/3/2,70.57,75.360001,69.43,74.702499,74.002197,341397200
2020/3/3,75.917503,76,71.449997,72.330002,71.651932,319475600
2020/3/4,74.110001,75.849998,73.282501,75.684998,74.975479,219178400
2020/3/5,73.879997,74.887497,72.852501,73.230003,72.543495,187572800
2020/3/6,70.5,72.705002,70.307503,72.2575,71.580124,226176800
2020/3/9,65.9375,69.522499,65.75,66.542503,65.918694,286744800
2020/3/10,69.285004,71.610001,67.342499,71.334999,70.666267,285290000
2020/3/11,69.347504,70.305,67.964996,68.857498,68.21199,255598800
2020/3/12,63.985001,67.5,62,62.057499,61.475739,418474000
2020/3/13,66.222504,69.980003,63.237499,69.4925,68.841034,370732000
2020/3/16,60.487499,64.769997,60,60.552502,59.984844,322423600
2020/3/17,61.877499,64.402496,59.599998,63.215,62.622387,324056000
2020/3/18,59.942501,62.5,59.279999,61.6675,61.089394,300233600
2020/3/19,61.8475,63.209999,60.6525,61.195,60.621319,271857200
2020/3/20,61.794998,62.9575,57,57.310001,56.772747,401693200
2020/3/23,57.02,57.125,53.1525,56.092499,55.566658,336752800
2020/3/24,59.09,61.922501,58.575001,61.720001,61.141407,287531200
2020/3/25,62.6875,64.5625,61.075001,61.380001,60.804588,303602000
2020/3/26,61.630001,64.669998,61.59,64.610001,64.004311,252087200
2020/3/27,63.1875,63.967499,61.762501,61.935001,61.354385,204216800
2020/3/30,62.685001,63.880001,62.349998,63.702499,63.105312,167976400
2020/3/31,63.900002,65.622498,63,63.572498,62.976532,197002000
2020/4/1,61.625,62.18,59.782501,60.227501,59.662895,176218400
2020/4/2,60.084999,61.287498,59.224998,61.232498,60.65847,165934000
2020/4/3,60.700001,61.424999,59.7425,60.352501,59.786724,129880000
2020/4/6,62.724998,65.777496,62.345001,65.6175,65.002357,201820400
2020/4/7,67.699997,67.925003,64.75,64.857498,64.249489,202887200
2020/4/8,65.684998,66.842499,65.307503,66.517502,65.893929,168895200
2020/4/9,67.175003,67.517502,66.175003,66.997498,66.369415,161834800
2020/4/13,67.077499,68.425003,66.457497,68.3125,67.672096,131022800
2020/4/14,70,72.0625,69.512497,71.762497,71.089745,194994800
2020/4/15,70.599998,71.582497,70.157501,71.107498,70.440895,131154400
2020/4/16,71.845001,72.050003,70.587502,71.672501,71.000603,157125200
2020/4/17,71.172501,71.737503,69.214996,70.699997,70.037216,215250000
2020/4/20,69.487503,70.419998,69.212502,69.232498,68.583473,130015200
2020/4/21,69.07,69.3125,66.357498,67.092499,66.463539,180991600
2020/4/22,68.402496,69.474998,68.050003,69.025002,68.377922,116862400
2020/4/23,68.967499,70.4375,68.717499,68.7575,68.112923,124814400
2020/4/24,69.300003,70.752502,69.25,70.7425,70.079315,126161200
2020/4/27,70.449997,71.135002,69.987503,70.792503,70.128853,117087600
2020/4/28,71.269997,71.457497,69.550003,69.644997,68.992119,112004800
2020/4/29,71.182503,72.417503,70.972504,71.932503,71.258163,137280800
2020/4/30,72.489998,73.6325,72.087502,73.449997,72.761436,183064000
2020/5/1,71.5625,74.75,71.462502,72.267502,71.590034,240616800
2020/5/4,72.292503,73.422501,71.580002,73.290001,72.602936,133568000
2020/5/5,73.764999,75.25,73.614998,74.389999,73.692627,147751200
2020/5/6,75.114998,75.809998,74.717499,75.157501,74.452927,142333600
2020/5/7,75.805,76.292503,75.4925,75.934998,75.223137,115215200
2020/5/8,76.410004,77.587502,76.072502,77.532501,77.01358,133838400
2020/5/11,77.025002,79.262497,76.809998,78.752502,78.22541,145946400
2020/5/12,79.457497,79.922501,77.727501,77.852501,77.331436,162301200
2020/5/13,78.037498,78.987503,75.802498,76.912498,76.39772,200622400
2020/5/14,76.127502,77.447502,75.3825,77.385002,76.867065,158929200
2020/5/15,75.087502,76.974998,75.052498,76.927498,76.412621,166348400
2020/5/18,78.292503,79.125,77.580002,78.739998,78.212997,135178400
2020/5/19,78.7575,79.629997,78.252502,78.285004,77.76104,101729600
2020/5/20,79.169998,79.879997,79.129997,79.807503,79.273354,111504800
2020/5/21,79.665001,80.222504,78.967499,79.212502,78.682327,102688800
2020/5/22,78.942497,79.807503,78.837502,79.722504,79.188927,81803200
2020/5/26,80.875,81.059998,79.125,79.182503,78.652542,125522000
2020/5/27,79.035004,79.677498,78.272499,79.527496,78.995224,112945200
2020/5/28,79.192497,80.860001,78.907501,79.5625,79.029984,133560800
2020/5/29,79.8125,80.287498,79.1175,79.485001,78.953018,153532400
2020/6/1,79.4375,80.587502,79.302498,80.462502,79.923965,80791200
2020/6/2,80.1875,80.860001,79.732498,80.834999,80.293968,87642800
2020/6/3,81.165001,81.550003,80.574997,81.279999,80.735992,104491200
2020/6/4,81.097504,81.404999,80.195,80.580002,80.04068,87560400
2020/6/5,80.837502,82.9375,80.807503,82.875,82.320328,137250400
2020/6/8,82.5625,83.400002,81.830002,83.364998,82.807037,95654400
2020/6/9,83.035004,86.402496,83.002502,85.997498,85.421921,147712400
2020/6/10,86.974998,88.692497,86.522499,88.209999,87.619614,166651600
2020/6/11,87.327499,87.764999,83.870003,83.974998,83.412964,201662400
2020/6/12,86.18,86.949997,83.555,84.699997,84.133095,200146000
2020/6/15,83.3125,86.419998,83.144997,85.747498,85.173584,138808800
2020/6/16,87.864998,88.300003,86.18,88.019997,87.430885,165428800
2020/6/17,88.787498,88.849998,87.772499,87.897499,87.309204,114406400
2020/6/18,87.852501,88.362503,87.305,87.932503,87.343979,96820400
2020/6/19,88.660004,89.139999,86.287498,87.43,86.844833,264476000
2020/6/22,87.834999,89.864998,87.787498,89.717499,89.117027,135445200
2020/6/23,91,93.095001,90.567497,91.6325,91.019203,212155600
2020/6/24,91.25,92.197502,89.629997,90.014999,89.412537,192623200
2020/6/25,90.175003,91.25,89.392502,91.209999,90.599533,137522400
2020/6/26,91.102501,91.330002,88.254997,88.407501,87.815788,205256800
2020/6/29,88.3125,90.542503,87.82,90.445,89.839653,130646000
2020/6/30,90.019997,91.495003,90,91.199997,90.5896,140223200
2020/7/1,91.279999,91.839996,90.977501,91.027496,90.418251,110737200
2020/7/2,91.962502,92.6175,90.910004,91.027496,90.418251,114041600
2020/7/6,92.5,93.945,92.467499,93.462502,92.83696,118655600
2020/7/7,93.852501,94.654999,93.057503,93.172501,92.548889,112424400
2020/7/8,94.18,95.375,94.089996,95.342499,94.704369,117092000
2020/7/9,96.262497,96.317497,94.672501,95.752502,95.111641,125642800
2020/7/10,95.334999,95.980003,94.705002,95.919998,95.278015,90257200
2020/7/13,97.264999,99.955002,95.2575,95.477501,94.83847,191649200
2020/7/14,94.839996,97.254997,93.877502,97.057503,96.407898,170989200
2020/7/15,98.989998,99.247498,96.489998,97.724998,97.07093,153198000
2020/7/16,96.5625,97.404999,95.904999,96.522499,95.876472,110577600
2020/7/17,96.987503,97.147499,95.839996,96.327499,95.682777,92186800
2020/7/20,96.417503,98.5,96.0625,98.357498,97.699188,90318000
2020/7/21,99.172501,99.25,96.7425,97,96.350784,103433200
2020/7/22,96.692497,97.974998,96.602501,97.272499,96.621452,89001600
2020/7/23,96.997498,97.077499,92.010002,92.845001,92.223587,197004400
2020/7/24,90.987503,92.970001,89.144997,92.614998,91.995125,185438800
2020/7/27,93.709999,94.904999,93.480003,94.809998,94.17543,121214000
2020/7/28,94.3675,94.550003,93.247498,93.252502,92.628365,103625600
2020/7/29,93.75,95.230003,93.712502,95.040001,94.403893,90329200
2020/7/30,94.1875,96.297501,93.767502,96.190002,95.546204,158130000
2020/7/31,102.885002,106.415001,100.824997,106.260002,105.548805,374336800
2020/8/3,108.199997,111.637497,107.892502,108.9375,108.208389,308151200
2020/8/4,109.1325,110.790001,108.387497,109.665001,108.931015,173071600
2020/8/5,109.377502,110.392502,108.897499,110.0625,109.325851,121776800
2020/8/6,110.404999,114.412498,109.797501,113.902496,113.140152,202428800
2020/8/7,113.205002,113.675003,110.292503,111.112503,110.567833,198045600
2020/8/10,112.599998,113.775002,110,112.727501,112.174911,212403600
2020/8/11,111.970001,112.482498,109.107498,109.375,108.838837,187902400
2020/8/12,110.497498,113.275002,110.297501,113.010002,112.456024,165598000
2020/8/13,114.43,116.042503,113.927498,115.010002,114.446213,210082000
2020/8/14,114.830002,115,113.044998,114.907501,114.344223,165565200
2020/8/17,116.0625,116.087502,113.962502,114.607498,114.045685,119561600
2020/8/18,114.352501,116,114.0075,115.5625,114.99601,105633600
2020/8/19,115.982498,117.162498,115.610001,115.707497,115.140297,145538000
2020/8/20,115.75,118.392502,115.732498,118.275002,117.695213,126907200
2020/8/21,119.262497,124.8675,119.25,124.370003,123.760338,338054800
2020/8/24,128.697495,128.785004,123.9375,125.857498,125.24054,345937600
2020/8/25,124.697502,125.18,123.052498,124.824997,124.213104,211495600
2020/8/26,126.18,126.9925,125.082497,126.522499,125.902283,163022400
2020/8/27,127.142502,127.485001,123.832497,125.010002,124.397202,155552400
2020/8/28,126.012497,126.442497,124.577499,124.807503,124.195694,187630000
2020/8/31,127.580002,131,126,129.039993,128.40744,225702700
2020/9/1,132.759995,134.800003,130.529999,134.179993,133.522247,151948100
2020/9/2,137.589996,137.979996,127,131.399994,130.755875,200119000
2020/9/3,126.910004,128.839996,120.5,120.879997,120.287437,257599600
2020/9/4,120.07,123.699997,110.889999,120.959999,120.36705,332607200
2020/9/8,113.949997,118.989998,112.68,112.82,112.266953,231366600
2020/9/9,117.260002,119.139999,115.260002,117.32,116.744888,176940500
2020/9/10,120.360001,120.5,112.5,113.489998,112.93367,182274400
2020/9/11,114.57,115.230003,110,112,111.450974,180860300
2020/9/14,114.720001,115.93,112.800003,115.360001,114.794502,140150100
2020/9/15,118.330002,118.830002,113.610001,115.540001,114.973625,184642000
2020/9/16,115.230003,116,112.040001,112.129997,111.58033,154679000
2020/9/17,109.720001,112.199997,108.709999,110.339996,109.79911,178011000
2020/9/18,110.400002,110.879997,106.089996,106.839996,106.316261,287104900
2020/9/21,104.540001,110.190002,103.099998,110.080002,109.540382,195713800
2020/9/22,112.68,112.860001,109.160004,111.809998,111.261894,183055400
2020/9/23,111.620003,112.110001,106.769997,107.120003,106.594902,150718700
2020/9/24,105.169998,110.25,105,108.220001,107.689507,167743300
2020/9/25,108.43,112.440002,107.669998,112.279999,111.729591,149981400
2020/9/28,115.010002,115.32,112.779999,114.959999,114.396454,137672400
2020/9/29,114.550003,115.309998,113.57,114.089996,113.530724,99382200
2020/9/30,113.790001,117.260002,113.620003,115.809998,115.242294,142675200
2020/10/1,117.639999,117.720001,115.830002,116.790001,116.217491,116120400
2020/10/2,112.889999,115.370003,112.220001,113.019997,112.465973,144712000
2020/10/5,113.910004,116.650002,113.550003,116.5,115.928909,106243800
2020/10/6,115.699997,116.120003,112.25,113.160004,112.605286,161498200
2020/10/7,114.620003,115.550003,114.129997,115.080002,114.515877,96849000
2020/10/8,116.25,116.400002,114.589996,114.970001,114.40641,83477200
2020/10/9,115.279999,117,114.919998,116.970001,116.396606,100506900
2020/10/12,120.059998,125.18,119.279999,124.400002,123.790192,240226800
2020/10/13,125.269997,125.389999,119.650002,121.099998,120.506355,262330500
2020/10/14,121,123.029999,119.620003,121.190002,120.595924,150712000
2020/10/15,118.720001,121.199997,118.150002,120.709999,120.118271,112559200
2020/10/16,121.279999,121.550003,118.809998,119.019997,118.436554,115393800
2020/10/19,119.959999,120.419998,115.660004,115.980003,115.411461,120639300
2020/10/20,116.199997,118.980003,115.629997,117.510002,116.933968,124423700
2020/10/21,116.669998,118.709999,116.449997,116.870003,116.297104,89946000
2020/10/22,117.449997,118.040001,114.589996,115.75,115.182587,101988000
2020/10/23,116.389999,116.550003,114.279999,115.040001,114.476074,82572600
2020/10/26,114.010002,116.550003,112.879997,115.050003,114.486023,111850700
2020/10/27,115.489998,117.279999,114.540001,116.599998,116.028427,92276800
2020/10/28,115.050003,115.43,111.099998,111.199997,110.654892,143937800
2020/10/29,112.370003,116.93,112.199997,115.32,114.7547,146129200
2020/10/30,111.059998,111.989998,107.720001,108.860001,108.326363,190272600
2020/11/2,109.110001,110.68,107.32,108.769997,108.236809,122866900
2020/11/3,109.660004,111.489998,108.730003,110.440002,109.898621,107624400
2020/11/4,114.139999,115.589996,112.349998,114.949997,114.386513,138235500
2020/11/5,117.949997,119.620003,116.870003,119.029999,118.44651,126387100
2020/11/6,118.32,119.199997,116.129997,118.690002,118.311951,114457900
2020/11/9,120.5,121.989998,116.050003,116.32,115.949493,154515300
2020/11/10,115.550003,117.589996,114.129997,115.970001,115.600609,138023400
2020/11/11,117.190002,119.629997,116.440002,119.489998,119.10939,112295000
2020/11/12,119.620003,120.529999,118.57,119.209999,118.830284,103162300
2020/11/13,119.440002,119.669998,117.870003,119.260002,118.880127,81581900
2020/11/16,118.919998,120.989998,118.150002,120.300003,119.916817,91183000
2020/11/17,119.550003,120.669998,118.959999,119.389999,119.009712,74271000
2020/11/18,118.610001,119.82,118,118.029999,117.654045,76322100
2020/11/19,117.589996,119.059998,116.809998,118.639999,118.262108,74113000
2020/11/20,118.639999,118.769997,117.290001,117.339996,116.96624,73604300
2020/11/23,117.18,117.620003,113.75,113.849998,113.487358,127959300
2020/11/24,113.910004,115.849998,112.589996,115.169998,114.803154,113874200
2020/11/25,115.550003,116.75,115.169998,116.029999,115.660416,76499200
2020/11/27,116.57,117.489998,116.220001,116.589996,116.218628,46691300
2020/11/30,116.970001,120.970001,116.809998,119.050003,118.670799,169410200
2020/12/1,121.010002,123.470001,120.010002,122.720001,122.329109,127728200
2020/12/2,122.019997,123.370003,120.889999,123.080002,122.687958,89004200
2020/12/3,123.519997,123.779999,122.209999,122.940002,122.548409,78967600
2020/12/4,122.599998,122.860001,121.519997,122.25,121.860611,78260400
2020/12/7,122.309998,124.57,122.25,123.75,123.355827,86712000
2020/12/8,124.370003,124.980003,123.089996,124.379997,123.983818,82225500
2020/12/9,124.529999,125.949997,121,121.779999,121.392097,115089200
2020/12/10,120.5,123.870003,120.150002,123.239998,122.84745,81312200
2020/12/11,122.43,122.760002,120.550003,122.410004,122.020096,86939800
2020/12/14,122.599998,123.349998,121.540001,121.779999,121.392097,79184500
2020/12/15,124.339996,127.900002,124.129997,127.879997,127.472664,157243700
2020/12/16,127.410004,128.369995,126.559998,127.809998,127.402893,98208600
2020/12/17,128.899994,129.580002,128.039993,128.699997,128.290054,94359800
2020/12/18,128.960007,129.100006,126.120003,126.660004,126.256561,192541500
2020/12/21,125.019997,128.309998,123.449997,128.229996,127.821548,121251600
2020/12/22,131.610001,134.410004,129.649994,131.880005,131.45993,168904800
2020/12/23,132.160004,132.429993,130.779999,130.960007,130.542862,88223700
2020/12/24,131.320007,133.460007,131.100006,131.970001,131.549637,54930100
2020/12/28,133.990005,137.339996,133.509995,136.690002,136.254608,124486200
2020/12/29,138.050003,138.789993,134.339996,134.869995,134.440399,121047300
2020/12/30,135.580002,135.990005,133.399994,133.720001,133.294067,96452100
2020/12/31,134.080002,134.740005,131.720001,132.690002,132.267349,99116600
2021/1/4,133.520004,133.610001,126.760002,129.410004,128.997803,143301900
2021/1/5,128.889999,131.740005,128.429993,131.009995,130.592697,97664900
2021/1/6,127.720001,131.050003,126.379997,126.599998,126.196747,155088000
2021/1/7,128.360001,131.630005,127.860001,130.919998,130.502991,109578200
2021/1/8,132.429993,132.630005,130.229996,132.050003,131.629379,105158200
2021/1/11,129.190002,130.169998,128.5,128.979996,128.569168,100384500
2021/1/12,128.5,129.690002,126.860001,128.800003,128.38974,91951100
2021/1/13,128.759995,131.449997,128.490005,130.889999,130.473083,88636800
2021/1/14,130.800003,131,128.759995,128.910004,128.499405,90221800
2021/1/15,128.779999,130.220001,127,127.139999,126.735023,111598500
2021/1/19,127.779999,128.710007,126.940002,127.830002,127.422829,90757300
2021/1/20,128.660004,132.490005,128.550003,132.029999,131.609451,104319500
2021/1/21,133.800003,139.669998,133.589996,136.869995,136.434021,120150900
2021/1/22,136.279999,139.850006,135.020004,139.070007,138.627029,114459400
2021/1/25,143.070007,145.089996,136.539993,142.919998,142.464767,157611700
2021/1/26,143.600006,144.300003,141.369995,143.160004,142.70401,98390600
2021/1/27,143.429993,144.300003,140.410004,142.059998,141.607513,140843800
2021/1/28,139.520004,141.990005,136.699997,137.089996,136.653336,142621100
2021/1/29,135.830002,136.740005,130.210007,131.960007,131.539673,177523800
2021/2/1,133.75,135.380005,130.929993,134.139999,133.712723,106239800
2021/2/2,135.729996,136.309998,134.610001,134.990005,134.560028,83305400
2021/2/3,135.759995,135.770004,133.610001,133.940002,133.513382,89880900
2021/2/4,136.300003,137.399994,134.589996,137.389999,136.952377,84183100
2021/2/5,137.350006,137.419998,135.860001,136.759995,136.528091,75693800
2021/2/8,136.029999,136.960007,134.919998,136.910004,136.677841,71297200
2021/2/9,136.619995,137.880005,135.850006,136.009995,135.779358,76774200
2021/2/10,136.479996,136.990005,134.399994,135.389999,135.160416,73046600
2021/2/11,135.899994,136.389999,133.770004,135.130005,134.900864,64280000
2021/2/12,134.350006,135.529999,133.690002,135.369995,135.140442,60145100
2021/2/16,135.490005,136.009995,132.789993,133.190002,132.964157,80576300
2021/2/17,131.25,132.220001,129.470001,130.839996,130.618134,97918500
2021/2/18,129.199997,130,127.410004,129.710007,129.490051,96856700
2021/2/19,130.240005,130.710007,128.800003,129.869995,129.64978,87668800
2021/2/22,128.009995,129.720001,125.599998,126,125.786346,103916400
2021/2/23,123.760002,126.709999,118.389999,125.860001,125.646584,158273000
2021/2/24,124.940002,125.559998,122.230003,125.349998,125.137444,111039900
2021/2/25,124.68,126.459999,120.540001,120.989998,120.784836,148199500
2021/2/26,122.589996,124.849998,121.199997,121.260002,121.054382,164560400
2021/3/1,123.75,127.93,122.790001,127.790001,127.573311,116307900
2021/3/2,128.410004,128.720001,125.010002,125.120003,124.907837,102260900
2021/3/3,124.809998,125.709999,121.839996,122.059998,121.85302,112966300
2021/3/4,121.75,123.599998,118.620003,120.129997,119.926292,178155000
2021/3/5,120.980003,121.940002,117.57,121.419998,121.214104,153766600
2021/3/8,120.93,121,116.209999,116.360001,116.162689,154376600
2021/3/9,119.029999,122.059998,118.790001,121.089996,120.884666,129525800
2021/3/10,121.690002,122.169998,119.449997,119.980003,119.776558,111943300
2021/3/11,122.540001,123.209999,121.260002,121.959999,121.753189,103026500
2021/3/12,120.400002,121.169998,119.160004,121.029999,120.824768,88105100
2021/3/15,121.410004,124,120.419998,123.989998,123.779747,92403800
2021/3/16,125.699997,127.220001,124.720001,125.57,125.357071,115227900
2021/3/17,124.050003,125.860001,122.339996,124.760002,124.548447,111932600
2021/3/18,122.879997,123.18,120.32,120.529999,120.325615,121229700
2021/3/19,119.900002,121.43,119.68,119.989998,119.78653,185549500
2021/3/22,120.330002,123.870003,120.260002,123.389999,123.180771,111912300
2021/3/23,123.330002,124.239998,122.139999,122.540001,122.332214,95467100
2021/3/24,122.82,122.900002,120.07,120.089996,119.88636,88530500
2021/3/25,119.540001,121.660004,119,120.589996,120.385513,98844700
2021/3/26,120.349998,121.480003,118.919998,121.209999,121.004463,94071200
2021/3/29,121.650002,122.580002,120.730003,121.389999,121.184158,80819200
2021/3/30,120.110001,120.400002,118.860001,119.900002,119.696686,85671900
2021/3/31,121.650002,123.519997,121.150002,122.150002,121.942871,118323800
2021/4/1,123.660004,124.18,122.489998,123,122.791428,75089100
2021/4/5,123.870003,126.160004,123.07,125.900002,125.686516,88651200
2021/4/6,126.5,127.129997,125.650002,126.209999,125.995987,80171300
2021/4/7,125.830002,127.919998,125.139999,127.900002,127.683121,83466700
2021/4/8,128.949997,130.389999,128.520004,130.360001,130.138947,88844600
2021/4/9,129.800003,133.039993,129.470001,133,132.774475,106686700
2021/4/12,132.520004,132.850006,130.630005,131.240005,131.017456,91420000
2021/4/13,132.440002,134.660004,131.929993,134.429993,134.202042,91266500
2021/4/14,134.940002,135,131.660004,132.029999,131.806122,87222800
2021/4/15,133.820007,135,133.639999,134.5,134.271927,89347100
2021/4/16,134.300003,134.669998,133.279999,134.160004,133.93251,84922400
2021/4/19,133.509995,135.470001,133.339996,134.839996,134.611343,94264200
2021/4/20,135.020004,135.529999,131.809998,133.110001,132.884293,94812300
2021/4/21,132.360001,133.75,131.300003,133.5,133.273621,68847100
2021/4/22,133.039993,134.149994,131.410004,131.940002,131.716278,84566500
2021/4/23,132.160004,135.119995,132.160004,134.320007,134.092239,78657500
2021/4/26,134.830002,135.059998,133.559998,134.720001,134.491562,66905100
2021/4/27,135.009995,135.410004,134.110001,134.389999,134.162109,66015800
2021/4/28,134.309998,135.020004,133.080002,133.580002,133.353485,107760100
2021/4/29,136.470001,137.070007,132.449997,133.479996,133.253662,151101000
2021/4/30,131.779999,133.559998,131.070007,131.460007,131.237091,109713200
2021/5/3,132.039993,134.070007,131.830002,132.539993,132.315247,75135100
2021/5/4,131.190002,131.490005,126.699997,127.849998,127.633202,137564700
2021/5/5,129.199997,130.449997,127.970001,128.100006,127.88279,84000900
2021/5/6,127.889999,129.75,127.129997,129.740005,129.520004,78128300
2021/5/7,130.850006,131.259995,129.479996,130.210007,130.210007,78892700
2021/5/10,129.410004,129.539993,126.809998,126.849998,126.849998,88071200
2021/5/11,123.5,126.269997,122.769997,125.910004,125.910004,126142800
2021/5/12,123.400002,124.639999,122.25,122.769997,122.769997,112172300
2021/5/13,124.580002,126.150002,124.260002,124.970001,124.970001,105861300
2021/5/14,126.25,127.889999,125.849998,127.449997,127.449997,81806500
2021/5/17,126.82,126.93,125.169998,126.269997,126.269997,74244600
2021/5/18,126.559998,126.989998,124.779999,124.849998,124.849998,63342900
2021/5/19,123.160004,124.919998,122.860001,124.690002,124.690002,92612000
2021/5/20,125.230003,127.720001,125.099998,127.309998,127.309998,76756000
